"","country","iso3c","date","first_doses","second_doses","third_doses"
"1","United Kingdom","GBR","2021-01-10",0,0,0
"2","United Kingdom","GBR","2021-01-11",145076,0,0
"3","United Kingdom","GBR","2021-01-12",176368,0,0
"4","United Kingdom","GBR","2021-01-13",210560,11208.6,0
"5","United Kingdom","GBR","2021-01-14",237094,7579,0
"6","United Kingdom","GBR","2021-01-15",257938,4813.79999999999,0
"7","United Kingdom","GBR","2021-01-16",264304,3777.79999999999,0
"8","United Kingdom","GBR","2021-01-17",253704,3478.20000000001,0
"9","United Kingdom","GBR","2021-01-18",262133,3318.79999999999,0
"10","United Kingdom","GBR","2021-01-19",281490,3346.79999999999,0
"11","United Kingdom","GBR","2021-01-20",293571,3263.20000000001,0
"12","United Kingdom","GBR","2021-01-21",306880,2558.79999999999,0
"13","United Kingdom","GBR","2021-01-22",326441,1970.60000000003,0
"14","United Kingdom","GBR","2021-01-23",354418,1682,0
"15","United Kingdom","GBR","2021-01-24",358724,1472,0
"16","United Kingdom","GBR","2021-01-25",369536,1573.59999999998,0
"17","United Kingdom","GBR","2021-01-26",364950,1718.79999999999,0
"18","United Kingdom","GBR","2021-01-27",357645,1990.79999999999,0
"19","United Kingdom","GBR","2021-01-28",358297,3721.40000000002,0
"20","United Kingdom","GBR","2021-01-29",359656,4010.59999999998,0
"21","United Kingdom","GBR","2021-01-30",374858,4062.20000000001,0
"22","United Kingdom","GBR","2021-01-31",388971,4141.60000000003,0
"23","United Kingdom","GBR","2021-02-01",399055,4305,0
"24","United Kingdom","GBR","2021-02-02",408155,2988,0
"25","United Kingdom","GBR","2021-02-03",430532,3169.59999999998,0
"26","United Kingdom","GBR","2021-02-04",439980,2984.59999999998,0
"27","United Kingdom","GBR","2021-02-05",440896,2723.80000000005,0
"28","United Kingdom","GBR","2021-02-06",433956,2887,0
"29","United Kingdom","GBR","2021-02-07",428234,2712,0
"30","United Kingdom","GBR","2021-02-08",428539,2878,0
"31","United Kingdom","GBR","2021-02-09",433832,3675,0
"32","United Kingdom","GBR","2021-02-10",431232,4457.59999999998,0
"33","United Kingdom","GBR","2021-02-11",434454,4264.59999999998,0
"34","United Kingdom","GBR","2021-02-12",441660,4015.40000000002,0
"35","United Kingdom","GBR","2021-02-13",435310,4343.59999999998,0
"36","United Kingdom","GBR","2021-02-14",429449,5696.59999999998,0
"37","United Kingdom","GBR","2021-02-15",418517,7771,0
"38","United Kingdom","GBR","2021-02-16",411811,10375.2000000001,0
"39","United Kingdom","GBR","2021-02-17",416282,13051,0
"40","United Kingdom","GBR","2021-02-18",409045,13796.6,0
"41","United Kingdom","GBR","2021-02-19",384374,13149.6,0
"42","United Kingdom","GBR","2021-02-20",359990,13812.8,0
"43","United Kingdom","GBR","2021-02-21",346241,15902.7999999999,0
"44","United Kingdom","GBR","2021-02-22",334296,19166.6000000001,0
"45","United Kingdom","GBR","2021-02-23",328843,24177.7999999999,0
"46","United Kingdom","GBR","2021-02-24",324108,28897,0
"47","United Kingdom","GBR","2021-02-25",328860,30668.8,0
"48","United Kingdom","GBR","2021-02-26",347801,29342.2,0
"49","United Kingdom","GBR","2021-02-27",358204,28676,0
"50","United Kingdom","GBR","2021-02-28",364516,31875,0
"51","United Kingdom","GBR","2021-03-01",366063,39010.4,0
"52","United Kingdom","GBR","2021-03-02",351535,47587.2,0
"53","United Kingdom","GBR","2021-03-03",327248,55004.8,0
"54","United Kingdom","GBR","2021-03-04",311609,55660.8,0
"55","United Kingdom","GBR","2021-03-05",302033,49446.2,0
"56","United Kingdom","GBR","2021-03-06",303366,43513.8,0
"57","United Kingdom","GBR","2021-03-07",300258,44057,0
"58","United Kingdom","GBR","2021-03-08",301987,52135,0
"59","United Kingdom","GBR","2021-03-09",300888,64535.2,0
"60","United Kingdom","GBR","2021-03-10",295878,78022.2,0
"61","United Kingdom","GBR","2021-03-11",279387,80695.6000000001,0
"62","United Kingdom","GBR","2021-03-12",269689,71185.3999999999,0
"63","United Kingdom","GBR","2021-03-13",283300,62426.2,0
"64","United Kingdom","GBR","2021-03-14",296567,62873.4000000001,0
"65","United Kingdom","GBR","2021-03-15",321054,69260,0
"66","United Kingdom","GBR","2021-03-16",351914,85232.2,0
"67","United Kingdom","GBR","2021-03-17",383108,105303,0
"68","United Kingdom","GBR","2021-03-18",421315,113025.2,0
"69","United Kingdom","GBR","2021-03-19",456366,104387.8,0
"70","United Kingdom","GBR","2021-03-20",490680,96926,0
"71","United Kingdom","GBR","2021-03-21",506394,104353.8,0
"72","United Kingdom","GBR","2021-03-22",498281,127737.2,0
"73","United Kingdom","GBR","2021-03-23",482900,156218.2,0
"74","United Kingdom","GBR","2021-03-24",465102,202426.6,0
"75","United Kingdom","GBR","2021-03-25",436057,233738.8,0
"76","United Kingdom","GBR","2021-03-26",406968,229426.6,0
"77","United Kingdom","GBR","2021-03-27",360109,214544.2,0
"78","United Kingdom","GBR","2021-03-28",349615,223204.2,0
"79","United Kingdom","GBR","2021-03-29",336317,243988.2,0
"80","United Kingdom","GBR","2021-03-30",322070,285299.2,0
"81","United Kingdom","GBR","2021-03-31",308037,305106.6,0
"82","United Kingdom","GBR","2021-04-01",286019,307243.2,0
"83","United Kingdom","GBR","2021-04-02",242607,261248.4,0
"84","United Kingdom","GBR","2021-04-03",197405,196651.6,0
"85","United Kingdom","GBR","2021-04-04",162334,144927,0
"86","United Kingdom","GBR","2021-04-05",134325,177280,0
"87","United Kingdom","GBR","2021-04-06",114226,231351.2,0
"88","United Kingdom","GBR","2021-04-07",94240,311836.8,0
"89","United Kingdom","GBR","2021-04-08",83586,393964.8,0
"90","United Kingdom","GBR","2021-04-09",83509,394539.2,0
"91","United Kingdom","GBR","2021-04-10",83969,353098.2,0
"92","United Kingdom","GBR","2021-04-11",86993,325781.4,0
"93","United Kingdom","GBR","2021-04-12",89731,304510.8,0
"94","United Kingdom","GBR","2021-04-13",88430,293001.399999999,0
"95","United Kingdom","GBR","2021-04-14",91045,355001.200000001,0
"96","United Kingdom","GBR","2021-04-15",95836,414690,0
"97","United Kingdom","GBR","2021-04-16",99933,396391.6,0
"98","United Kingdom","GBR","2021-04-17",103981,382385.199999999,0
"99","United Kingdom","GBR","2021-04-18",105982,368854,0
"100","United Kingdom","GBR","2021-04-19",111663,352278,0
"101","United Kingdom","GBR","2021-04-20",116163,338565,0
"102","United Kingdom","GBR","2021-04-21",116173,387329.4,0
"103","United Kingdom","GBR","2021-04-22",116345,442106.4,0
"104","United Kingdom","GBR","2021-04-23",116378,424261.199999999,0
"105","United Kingdom","GBR","2021-04-24",117710,401842,0
"106","United Kingdom","GBR","2021-04-25",117205,391481,0
"107","United Kingdom","GBR","2021-04-26",115923,391055,0
"108","United Kingdom","GBR","2021-04-27",117167,379841.200000001,0
"109","United Kingdom","GBR","2021-04-28",119485,412038,0
"110","United Kingdom","GBR","2021-04-29",118283,425561.199999999,0
"111","United Kingdom","GBR","2021-04-30",119683,384286.4,0
"112","United Kingdom","GBR","2021-05-01",118884,317209.199999999,0
"113","United Kingdom","GBR","2021-05-02",120346,270393,0
"114","United Kingdom","GBR","2021-05-03",117761,266881.200000001,0
"115","United Kingdom","GBR","2021-05-04",119309,287020.6,0
"116","United Kingdom","GBR","2021-05-05",120018,345606.799999999,0
"117","United Kingdom","GBR","2021-05-06",121861,407874.4,0
"118","United Kingdom","GBR","2021-05-07",120062,393811.4,0
"119","United Kingdom","GBR","2021-05-08",123756,359333.199999999,0
"120","United Kingdom","GBR","2021-05-09",125284,334762.400000002,0
"121","United Kingdom","GBR","2021-05-10",131349,332085.399999999,0
"122","United Kingdom","GBR","2021-05-11",132484,329926.199999999,0
"123","United Kingdom","GBR","2021-05-12",138929,371172.400000002,0
"124","United Kingdom","GBR","2021-05-13",149473,403054.599999998,0
"125","United Kingdom","GBR","2021-05-14",161912,369774.199999999,0
"126","United Kingdom","GBR","2021-05-15",171669,331096.600000001,0
"127","United Kingdom","GBR","2021-05-16",176054,310288.600000001,0
"128","United Kingdom","GBR","2021-05-17",174865,305411.799999997,0
"129","United Kingdom","GBR","2021-05-18",180435,311225,0
"130","United Kingdom","GBR","2021-05-19",191956,359812.600000001,0
"131","United Kingdom","GBR","2021-05-20",200380,419393,0
"132","United Kingdom","GBR","2021-05-21",200321,405020.600000001,0
"133","United Kingdom","GBR","2021-05-22",195761,397808,0
"134","United Kingdom","GBR","2021-05-23",195052,391343,0
"135","United Kingdom","GBR","2021-05-24",197287,391498,0
"136","United Kingdom","GBR","2021-05-25",199008,366927,0
"137","United Kingdom","GBR","2021-05-26",194903,403689.399999999,0
"138","United Kingdom","GBR","2021-05-27",193227,420868,0
"139","United Kingdom","GBR","2021-05-28",191053,384535,0
"140","United Kingdom","GBR","2021-05-29",187927,338152.600000001,0
"141","United Kingdom","GBR","2021-05-30",187717,319046.399999999,0
"142","United Kingdom","GBR","2021-05-31",183534,301660,0
"143","United Kingdom","GBR","2021-06-01",172443,293418.600000001,0
"144","United Kingdom","GBR","2021-06-02",163392,329760.399999999,0
"145","United Kingdom","GBR","2021-06-03",154071,385326.800000001,0
"146","United Kingdom","GBR","2021-06-04",150568,369602,0
"147","United Kingdom","GBR","2021-06-05",153438,361011.800000001,0
"148","United Kingdom","GBR","2021-06-06",153789,348180,0
"149","United Kingdom","GBR","2021-06-07",156623,333825.399999999,0
"150","United Kingdom","GBR","2021-06-08",160665,300757.399999999,0
"151","United Kingdom","GBR","2021-06-09",161207,310207.600000001,0
"152","United Kingdom","GBR","2021-06-10",162684,313059.199999999,0
"153","United Kingdom","GBR","2021-06-11",166771,286587,0
"154","United Kingdom","GBR","2021-06-12",173996,270521,0
"155","United Kingdom","GBR","2021-06-13",176836,255046.600000001,0
"156","United Kingdom","GBR","2021-06-14",179648,240575,0
"157","United Kingdom","GBR","2021-06-15",187253,221161.800000001,0
"158","United Kingdom","GBR","2021-06-16",189968,226073,0
"159","United Kingdom","GBR","2021-06-17",196021,226160,0
"160","United Kingdom","GBR","2021-06-18",198108,201908.399999999,0
"161","United Kingdom","GBR","2021-06-19",201830,162806.600000001,0
"162","United Kingdom","GBR","2021-06-20",204191,168329.599999998,0
"163","United Kingdom","GBR","2021-06-21",188255,160791.800000001,0
"164","United Kingdom","GBR","2021-06-22",203942,149081.800000001,0
"165","United Kingdom","GBR","2021-06-23",205668,162154.199999999,0
"166","United Kingdom","GBR","2021-06-24",202461,194190.199999999,0
"167","United Kingdom","GBR","2021-06-25",199512,168726.199999999,0
"168","United Kingdom","GBR","2021-06-26",192969,162731.800000001,0
"169","United Kingdom","GBR","2021-06-27",189535,157306.800000001,0
"170","United Kingdom","GBR","2021-06-28",204704,157502.600000001,0
"171","United Kingdom","GBR","2021-06-29",181583,156214.799999997,0
"172","United Kingdom","GBR","2021-06-30",172093,166999.400000002,0
"173","United Kingdom","GBR","2021-07-01",162235,178638,0
"174","United Kingdom","GBR","2021-07-02",150964,170782.399999999,0
"175","United Kingdom","GBR","2021-07-03",137100,165195.400000002,0
"176","United Kingdom","GBR","2021-07-04",128173,157207.399999999,0
"177","United Kingdom","GBR","2021-07-05",120987,156007.200000003,0
"178","United Kingdom","GBR","2021-07-06",113533,151858.799999997,0
"179","United Kingdom","GBR","2021-07-07",105781,165340.600000001,0
"180","United Kingdom","GBR","2021-07-08",97767,178067,0
"181","United Kingdom","GBR","2021-07-09",92979,168965.799999997,0
"182","United Kingdom","GBR","2021-07-10",86746,159742.399999999,0
"183","United Kingdom","GBR","2021-07-11",81715,156304.200000003,0
"184","United Kingdom","GBR","2021-07-12",78477,157672.600000001,0
"185","United Kingdom","GBR","2021-07-13",74657,155762,0
"186","United Kingdom","GBR","2021-07-14",70860,174700.799999997,0
"187","United Kingdom","GBR","2021-07-15",65896,194671.600000001,0
"188","United Kingdom","GBR","2021-07-16",62954,188792,0
"189","United Kingdom","GBR","2021-07-17",59162,180371.799999997,0
"190","United Kingdom","GBR","2021-07-18",55760,172249,0
"191","United Kingdom","GBR","2021-07-19",53099,168453.800000004,0
"192","United Kingdom","GBR","2021-07-20",50236,161070.399999999,0
"193","United Kingdom","GBR","2021-07-21",48054,173163,0
"194","United Kingdom","GBR","2021-07-22",45534,185228.200000003,0
"195","United Kingdom","GBR","2021-07-23",41746,176563.599999994,0
"196","United Kingdom","GBR","2021-07-24",38401,169683.200000003,0
"197","United Kingdom","GBR","2021-07-25",39310,162353.799999997,0
"198","United Kingdom","GBR","2021-07-26",38503,158720.200000003,0
"199","United Kingdom","GBR","2021-07-27",37984,153926.600000001,0
"200","United Kingdom","GBR","2021-07-28",37805,164554.600000001,0
"201","United Kingdom","GBR","2021-07-29",37564,177170.199999996,0
"202","United Kingdom","GBR","2021-07-30",36672,170449,0
"203","United Kingdom","GBR","2021-07-31",35960,161452.800000004,0
"204","United Kingdom","GBR","2021-08-01",35486,154021.399999999,0
"205","United Kingdom","GBR","2021-08-02",34925,152936,0
"206","United Kingdom","GBR","2021-08-03",34052,145071.600000001,0
"207","United Kingdom","GBR","2021-08-04",32550,155134,0
"208","United Kingdom","GBR","2021-08-05",31571,172612.199999996,0
"209","United Kingdom","GBR","2021-08-06",31607,168474,0
"210","United Kingdom","GBR","2021-08-07",31488,162745.800000004,0
"211","United Kingdom","GBR","2021-08-08",31718,158436,0
"212","United Kingdom","GBR","2021-08-09",32598,159517,0
"213","United Kingdom","GBR","2021-08-10",33772,155312.199999996,0
"214","United Kingdom","GBR","2021-08-11",34948,165215.200000003,0
"215","United Kingdom","GBR","2021-08-12",36217,177726.399999999,0
"216","United Kingdom","GBR","2021-08-13",36719,172774.399999999,0
"217","United Kingdom","GBR","2021-08-14",37950,165700.200000003,0
"218","United Kingdom","GBR","2021-08-15",39152,156363.399999999,0
"219","United Kingdom","GBR","2021-08-16",39647,155891,0
"220","United Kingdom","GBR","2021-08-17",40549,150986,0
"221","United Kingdom","GBR","2021-08-18",41365,159187.799999997,0
"222","United Kingdom","GBR","2021-08-19",43022,170486,0
"223","United Kingdom","GBR","2021-08-20",45935,164581.400000006,0
"224","United Kingdom","GBR","2021-08-21",49707,156993.399999999,0
"225","United Kingdom","GBR","2021-08-22",51006,148116.799999997,0
"226","United Kingdom","GBR","2021-08-23",52532,146979.399999999,0
"227","United Kingdom","GBR","2021-08-24",54187,136990.400000006,0
"228","United Kingdom","GBR","2021-08-25",57157,140011.199999996,0
"229","United Kingdom","GBR","2021-08-26",57038,140492.200000003,0
"230","United Kingdom","GBR","2021-08-27",54759,130245,0
"231","United Kingdom","GBR","2021-08-28",50511,111233.600000001,0
"232","United Kingdom","GBR","2021-08-29",48232,106126.799999997,0
"233","United Kingdom","GBR","2021-08-30",44410,102512.600000001,0
"234","United Kingdom","GBR","2021-08-31",42194,99650,0
"235","United Kingdom","GBR","2021-09-01",38767,105880,0
"236","United Kingdom","GBR","2021-09-02",36604,118261,0
"237","United Kingdom","GBR","2021-09-03",35223,109019.199999996,0
"238","United Kingdom","GBR","2021-09-04",34906,102345.200000003,0
"239","United Kingdom","GBR","2021-09-05",34535,95639.799999997,0
"240","United Kingdom","GBR","2021-09-06",34972,91113.8000000045,0
"241","United Kingdom","GBR","2021-09-07",33075,84743.6000000015,0
"242","United Kingdom","GBR","2021-09-08",30367,88467.1999999955,0
"243","United Kingdom","GBR","2021-09-09",28335,92076,0
"244","United Kingdom","GBR","2021-09-10",27020,85429.3999999985,0
"245","United Kingdom","GBR","2021-09-11",25143,79968,0
"246","United Kingdom","GBR","2021-09-12",24166,73972.6000000015,0
"247","United Kingdom","GBR","2021-09-13",23698,68268.3999999985,0
"248","United Kingdom","GBR","2021-09-14",22416,61451.200000003,0
"249","United Kingdom","GBR","2021-09-15",22312,63005,0
"250","United Kingdom","GBR","2021-09-16",21923,65373.799999997,0
"251","United Kingdom","GBR","2021-09-17",21167,59060.200000003,0
"252","United Kingdom","GBR","2021-09-18",20922,55670.6000000015,0
"253","United Kingdom","GBR","2021-09-19",20763,51557.1999999955,0
"254","United Kingdom","GBR","2021-09-20",20866,48289.8000000045,0
"255","United Kingdom","GBR","2021-09-21",21258,42708,0
"256","United Kingdom","GBR","2021-09-22",21011,44628.3999999985,0
"257","United Kingdom","GBR","2021-09-23",21302,44783.6000000015,0
"258","United Kingdom","GBR","2021-09-24",22279,41210.1999999955,0
"259","United Kingdom","GBR","2021-09-25",22007,39036.200000003,0
"260","United Kingdom","GBR","2021-09-26",22313,36825,0
"261","United Kingdom","GBR","2021-09-27",22995,34691.799999997,0
"262","United Kingdom","GBR","2021-09-28",24633,32160,173640.4
"263","United Kingdom","GBR","2021-09-29",25899,33910,204422.8
"264","United Kingdom","GBR","2021-09-30",27226,34152.8000000045,243315
"265","United Kingdom","GBR","2021-10-01",28735,31752.799999997,261218.6
"266","United Kingdom","GBR","2021-10-02",29702,30801.6000000015,285994
"267","United Kingdom","GBR","2021-10-03",30865,29624.200000003,143573.6
"268","United Kingdom","GBR","2021-10-04",32686,28481.599999994,145210.6
"269","United Kingdom","GBR","2021-10-05",34043,27334.6000000015,141844.2
"270","United Kingdom","GBR","2021-10-06",34227,28841.8000000045,158726.2
"271","United Kingdom","GBR","2021-10-07",34035,29669.799999997,184112.6
"272","United Kingdom","GBR","2021-10-08",33107,27845.6000000015,171587.8
"273","United Kingdom","GBR","2021-10-09",33154,26856.799999997,164075.6
"274","United Kingdom","GBR","2021-10-10",32866,26514.8000000045,161213.4
"275","United Kingdom","GBR","2021-10-11",31652,26597.3999999985,218792.4
"276","United Kingdom","GBR","2021-10-12",31009,25500.1999999955,216434
"277","United Kingdom","GBR","2021-10-13",31851,27496.400000006,241916.4
"278","United Kingdom","GBR","2021-10-14",33346,29466.599999994,278249.2
"279","United Kingdom","GBR","2021-10-15",34643,27530.400000006,269192
"280","United Kingdom","GBR","2021-10-16",34300,26350,212468.4
"281","United Kingdom","GBR","2021-10-17",33690,27305.1999999955,211080
"282","United Kingdom","GBR","2021-10-18",35190,26691.8000000045,218321.2
"283","United Kingdom","GBR","2021-10-19",36055,25360.799999997,279519.6
"284","United Kingdom","GBR","2021-10-20",37535,27141.799999997,315650.2
"285","United Kingdom","GBR","2021-10-21",38284,28474.6000000015,354095
"286","United Kingdom","GBR","2021-10-22",39067,25537.6000000015,341781
"287","United Kingdom","GBR","2021-10-23",40652,24553.799999997,339360.6
"288","United Kingdom","GBR","2021-10-24",41782,23794.400000006,269815.8
"289","United Kingdom","GBR","2021-10-25",41516,22875.799999997,267981.600000001
"290","United Kingdom","GBR","2021-10-26",41256,21571.799999997,253427
"291","United Kingdom","GBR","2021-10-27",40542,22411.200000003,276371.6
"292","United Kingdom","GBR","2021-10-28",39966,23202.200000003,301856
"293","United Kingdom","GBR","2021-10-29",39212,21285.799999997,281752.2
"294","United Kingdom","GBR","2021-10-30",38635,20813.200000003,272038
"295","United Kingdom","GBR","2021-10-31",38871,20253,271840.8
"296","United Kingdom","GBR","2021-11-01",38855,19390.1999999955,286762.000000001
"297","United Kingdom","GBR","2021-11-02",39652,18406.3999999985,279158.799999999
"298","United Kingdom","GBR","2021-11-03",39246,20243.200000003,310909.6
"299","United Kingdom","GBR","2021-11-04",39107,21300.3999999985,347297.4
"300","United Kingdom","GBR","2021-11-05",39468,20038,329940.4
"301","United Kingdom","GBR","2021-11-06",39567,20517.200000003,313489.199999999
"302","United Kingdom","GBR","2021-11-07",39344,20660.6000000015,314668.4
"303","United Kingdom","GBR","2021-11-08",38753,25687.1999999955,356575.4
"304","United Kingdom","GBR","2021-11-09",37778,25284.200000003,346196.800000001
"305","United Kingdom","GBR","2021-11-10",48913,26771.799999997,375774.6
"306","United Kingdom","GBR","2021-11-11",47864,27564.6000000015,412656
"307","United Kingdom","GBR","2021-11-12",46556,26734.3999999985,388067
"308","United Kingdom","GBR","2021-11-13",46096,20792.200000003,338935.799999999
"309","United Kingdom","GBR","2021-11-14",45681,20270,334249.4
"310","United Kingdom","GBR","2021-11-15",45465,20284.3999999985,339578.800000001
"311","United Kingdom","GBR","2021-11-16",44264,19549.3999999985,324593.199999999
"312","United Kingdom","GBR","2021-11-17",31965,20461.200000003,353900.200000001
"313","United Kingdom","GBR","2021-11-18",30893,21688.799999997,389196.6
"314","United Kingdom","GBR","2021-11-19",29857,20492.3999999985,367284.199999999
"315","United Kingdom","GBR","2021-11-20",28783,19771.8000000045,352033.200000001
"316","United Kingdom","GBR","2021-11-21",27853,20042.1999999955,347652.199999999
"317","United Kingdom","GBR","2021-11-22",26597,20408.6000000015,350664.6
"318","United Kingdom","GBR","2021-11-23",25939,20134.6000000015,337268
"319","United Kingdom","GBR","2021-11-24",24723,22089.200000003,363021.4
"320","United Kingdom","GBR","2021-11-25",23966,24959,394410.399999999
"321","United Kingdom","GBR","2021-11-26",22998,26447.599999994,378447
"322","United Kingdom","GBR","2021-11-27",22683,26978.200000003,366392
"323","United Kingdom","GBR","2021-11-28",23408,28845,365693.600000001
"324","United Kingdom","GBR","2021-11-29",23284,30583.200000003,373911.399999999
"325","United Kingdom","GBR","2021-11-30",23815,30205.1999999955,365071.200000003
"326","United Kingdom","GBR","2021-12-01",24022,30278.3999999985,385799.799999997
"327","United Kingdom","GBR","2021-12-02",24346,32619.6000000015,414988.800000001
"328","United Kingdom","GBR","2021-12-03",24767,31621.3999999985,394504
"329","United Kingdom","GBR","2021-12-04",25211,30152.6000000015,378766.800000001
"330","United Kingdom","GBR","2021-12-05",25277,29632.3999999985,372794.800000001
"331","United Kingdom","GBR","2021-12-06",24932,29557.6000000015,377928.199999999
"332","United Kingdom","GBR","2021-12-07",23929,28762.8000000045,378900.800000001
"333","United Kingdom","GBR","2021-12-08",23310,29722,406660
"334","United Kingdom","GBR","2021-12-09",23052,32516.3999999985,450877.599999998
"335","United Kingdom","GBR","2021-12-10",22880,32880.3999999985,452174
"336","United Kingdom","GBR","2021-12-11",22791,32874.3999999985,471989.400000002
"337","United Kingdom","GBR","2021-12-12",22986,33687.200000003,509435.800000001
"338","United Kingdom","GBR","2021-12-13",22942,35053.6000000015,572680.199999999
"339","United Kingdom","GBR","2021-12-14",24452,35756.1999999955,634890.800000001
"340","United Kingdom","GBR","2021-12-15",25361,38174.3999999985,725888.599999998
"341","United Kingdom","GBR","2021-12-16",26595,41472.6000000015,811265.400000002
"342","United Kingdom","GBR","2021-12-17",28142,41875.8000000045,849216.399999999
"343","United Kingdom","GBR","2021-12-18",29862,44304.599999994,879775.600000001
"344","United Kingdom","GBR","2021-12-19",31267,46622.200000003,901247.399999999
"345","United Kingdom","GBR","2021-12-20",34141,48795.799999997,898750.800000001
"346","United Kingdom","GBR","2021-12-21",34980,48425.400000006,831741.800000001
"347","United Kingdom","GBR","2021-12-22",36586,43238.1999999955,696322.399999999
"348","United Kingdom","GBR","2021-12-23",36576,33234,518822.600000001
"349","United Kingdom","GBR","2021-12-24",33416,22833.8000000045,329686.199999999
"350","United Kingdom","GBR","2021-12-25",28077,16944.1999999955,216375.599999998
"351","United Kingdom","GBR","2021-12-26",23617,14041.8000000045,160280.800000001
"352","United Kingdom","GBR","2021-12-27",20531,20001.3999999985,213465.600000001
"353","United Kingdom","GBR","2021-12-28",18232,28639.3999999985,290880.399999999
"354","United Kingdom","GBR","2021-12-29",17275,32636.6000000015,319695.800000001
"355","United Kingdom","GBR","2021-12-30",17384,28447,268773.200000003
"356","United Kingdom","GBR","2021-12-31",18043,25837.1999999955,226054
"357","United Kingdom","GBR","2022-01-01",18232,22943,167360.399999999
"358","United Kingdom","GBR","2022-01-02",19734,22299,132414.399999999
"359","United Kingdom","GBR","2022-01-03",19872,26217.8000000045,148498
"360","United Kingdom","GBR","2022-01-04",20016,32603.799999997,191094.799999997
"361","United Kingdom","GBR","2022-01-05",19505,36432.200000003,213100.600000001
"362","United Kingdom","GBR","2022-01-06",17986,40916.1999999955,231736.600000001
"363","United Kingdom","GBR","2022-01-07",19135,39010.8000000045,215470.799999997
"364","United Kingdom","GBR","2022-01-08",23336,36023.6000000015,195874.200000003
"365","United Kingdom","GBR","2022-01-09",24730,34844,177419.799999997
"366","United Kingdom","GBR","2022-01-10",24558,33786.599999994,158442.200000003
"367","United Kingdom","GBR","2022-01-11",23760,29883,133811
"368","United Kingdom","GBR","2022-01-12",22401,29847.400000006,127852.799999997
"369","United Kingdom","GBR","2022-01-13",22084,36111.799999997,119712.200000003
"370","United Kingdom","GBR","2022-01-14",21720,37777,104014.600000001
"371","United Kingdom","GBR","2022-01-15",21109,37009.3999999985,93341.6000000015
"372","United Kingdom","GBR","2022-01-16",20465,36456.8000000045,85989.3999999985
"373","United Kingdom","GBR","2022-01-17",20150,36199,77002.6000000015
"374","United Kingdom","GBR","2022-01-18",19973,31323.799999997,68284.799999997
"375","United Kingdom","GBR","2022-01-19",19605,30707.3999999985,70359.200000003
"376","United Kingdom","GBR","2022-01-20",19217,34960,70350.3999999985
"377","United Kingdom","GBR","2022-01-21",18739,35215.200000003,63877.6000000015
"378","United Kingdom","GBR","2022-01-22",17735,35203.1999999955,61699
"379","United Kingdom","GBR","2022-01-23",16959,34226,59366.799999997
"380","United Kingdom","GBR","2022-01-24",16995,33603,55966
"381","United Kingdom","GBR","2022-01-25",16410,30039.6000000015,51912.6000000015
"382","United Kingdom","GBR","2022-01-26",16183,30684.6000000015,54852.3999999985
"383","United Kingdom","GBR","2022-01-27",15883,32783.799999997,54477.200000003
"384","United Kingdom","GBR","2022-01-28",15800,32546.400000006,50508.599999994
"385","United Kingdom","GBR","2022-01-29",15595,31217.599999994,47428.200000003
"386","United Kingdom","GBR","2022-01-30",15512,30501.400000006,44433.799999997
"387","United Kingdom","GBR","2022-01-31",15415,29169.1999999955,40756.6000000015
"388","United Kingdom","GBR","2022-02-01",15244,26323.200000003,37739
"389","United Kingdom","GBR","2022-02-02",14831,26639.1999999955,38578.3999999985
"390","United Kingdom","GBR","2022-02-03",14493,27423.200000003,38305.6000000015
"391","United Kingdom","GBR","2022-02-04",14236,25470.799999997,34669.8000000045
"392","United Kingdom","GBR","2022-02-05",13643,24588.200000003,33387.799999997
"393","United Kingdom","GBR","2022-02-06",13163,24312.6000000015,31949.200000003
"394","United Kingdom","GBR","2022-02-07",12417,23421.3999999985,30865.1999999955
"395","United Kingdom","GBR","2022-02-08",12141,23040.3999999985,30166.200000003
"396","United Kingdom","GBR","2022-02-09",11863,24896.200000003,34743.3999999985
"397","United Kingdom","GBR","2022-02-10",11616,25585.799999997,36238.3999999985
"398","United Kingdom","GBR","2022-02-11",11034,23366.200000003,33694.3999999985
"399","United Kingdom","GBR","2022-02-12",11089,22055.6000000015,33609.200000003
"400","United Kingdom","GBR","2022-02-13",10971,20694,38329
"401","United Kingdom","GBR","2022-02-14",10685,19900,36786.799999997
"402","United Kingdom","GBR","2022-02-15",10441,18913.799999997,35682
"403","United Kingdom","GBR","2022-02-16",10497,19129.200000003,37017.6000000015
"404","United Kingdom","GBR","2022-02-17",10159,19650,37182.8000000045
"405","United Kingdom","GBR","2022-02-18",9418,17866.3999999985,29342.799999997
"406","United Kingdom","GBR","2022-02-19",8788,16685.1999999955,28177.6000000015
"407","United Kingdom","GBR","2022-02-20",8499,15990.400000006,27383
"408","United Kingdom","GBR","2022-02-21",8400,16640.599999994,28203.799999997
"409","United Kingdom","GBR","2022-02-22",8286,15653,26863.8000000045
"410","United Kingdom","GBR","2022-02-23",8010,16814.200000003,28986.3999999985
"411","United Kingdom","GBR","2022-02-24",7826,17543,28849.1999999955
"412","United Kingdom","GBR","2022-02-25",8143,16083.3999999985,25870.200000003
"413","United Kingdom","GBR","2022-02-26",7957,15353.6000000015,24599.3999999985
"414","United Kingdom","GBR","2022-02-27",7867,15186.799999997,23900
"415","United Kingdom","GBR","2022-02-28",7635,14794.8000000045,22782.200000003
"416","United Kingdom","GBR","2022-03-01",7281,14390.1999999955,23125.1999999955
"417","United Kingdom","GBR","2022-03-02",7061,15581.200000003,25033.400000006
"418","United Kingdom","GBR","2022-03-03",6831,16482.3999999985,25482.1999999955
"419","United Kingdom","GBR","2022-03-04",6628,15460.3999999985,23826.8000000045
"420","United Kingdom","GBR","2022-03-05",6441,15282.8000000045,22965.799999997
"421","United Kingdom","GBR","2022-03-06",6330,14688,20948.200000003
"422","United Kingdom","GBR","2022-03-07",6159,14442,20147.1999999955
"423","United Kingdom","GBR","2022-03-08",5981,13536.799999997,19136
"424","United Kingdom","GBR","2022-03-09",5660,14431.200000003,20321.6000000015
"425","United Kingdom","GBR","2022-03-10",5434,15673.799999997,20978.3999999985
"426","United Kingdom","GBR","2022-03-11",5112,14846.8000000045,19313.6000000015
"427","United Kingdom","GBR","2022-03-12",5095,15166.3999999985,19983.3999999985
"428","United Kingdom","GBR","2022-03-13",5065,15225.799999997,19926.8000000045
"429","United Kingdom","GBR","2022-03-14",5089,15161.8000000045,19623.1999999955
"430","United Kingdom","GBR","2022-03-15",5046,14160.599999994,19065.6000000015
"431","United Kingdom","GBR","2022-03-16",4876,14984.8000000045,20741.799999997
"432","United Kingdom","GBR","2022-03-17",4796,15419.799999997,19921.400000006
"433","United Kingdom","GBR","2022-03-18",4782,14445.6000000015,18029.3999999985
"434","United Kingdom","GBR","2022-03-19",5095,14048.3999999985,17750
"435","United Kingdom","GBR","2022-03-20",5546,13470.6000000015,17408.799999997
"436","United Kingdom","GBR","2022-03-21",5509,11399,16980.3999999985
"437","United Kingdom","GBR","2022-03-22",5069,9923.20000000298,16241.6000000015
"438","United Kingdom","GBR","2022-03-23",4666,10646.799999997,17691
"439","United Kingdom","GBR","2022-03-24",4793,11995.3999999985,17675.200000003
"440","United Kingdom","GBR","2022-03-25",4985,11235.8000000045,15556.3999999985
"441","United Kingdom","GBR","2022-03-26",5054,12573.1999999955,14899.799999997
"442","United Kingdom","GBR","2022-03-27",5142,12513,14565.400000006
"443","United Kingdom","GBR","2022-03-28",5188,12364.6000000015,14286
"444","United Kingdom","GBR","2022-03-29",5714,11113.6000000015,14124
"445","United Kingdom","GBR","2022-03-30",6332,11846.799999997,15765.1999999955
"446","United Kingdom","GBR","2022-03-31",6324,13036.3999999985,16249.3999999985
"447","United Kingdom","GBR","2022-04-01",6224,12567.400000006,15058.400000006
"448","United Kingdom","GBR","2022-04-02",6249,12121.599999994,14659
"449","United Kingdom","GBR","2022-04-03",6231,11587.400000006,14239.799999997
"450","United Kingdom","GBR","2022-04-04",7133,11363.799999997,14337.200000003
"451","United Kingdom","GBR","2022-04-05",8063,10199.6000000015,14138.1999999955
"452","United Kingdom","GBR","2022-04-06",9042,10718.3999999985,15781.3999999985
"453","United Kingdom","GBR","2022-04-07",9943,11834,16520.400000006
"454","United Kingdom","GBR","2022-04-08",10973,11638.6000000015,15683.599999994
"455","United Kingdom","GBR","2022-04-09",13014,11914.3999999985,15907.400000006
"456","United Kingdom","GBR","2022-04-10",14125,12003.200000003,16234.599999994
"457","United Kingdom","GBR","2022-04-11",14812,12192.799999997,16575.8000000045
"458","United Kingdom","GBR","2022-04-12",15687,11685.6000000015,16797
"459","United Kingdom","GBR","2022-04-13",16692,11008.799999997,15991
"460","United Kingdom","GBR","2022-04-14",18335,10875.200000003,14902.799999997
"461","United Kingdom","GBR","2022-04-15",18227,9095.60000000149,11937.6000000015
"462","United Kingdom","GBR","2022-04-16",17225,7279.59999999404,9036.79999999702
"463","United Kingdom","GBR","2022-04-17",15732,6821.20000000298,8444
"464","United Kingdom","GBR","2022-04-18",14317,7912.79999999702,10855.8000000045
"465","United Kingdom","GBR","2022-04-19",13979,7793.80000000447,12091
"466","United Kingdom","GBR","2022-04-20",13267,9328.39999999851,14781.3999999985
"467","United Kingdom","GBR","2022-04-21",12465,11992.3999999985,17872.200000003
"468","United Kingdom","GBR","2022-04-22",13090,11419.6000000015,16677.1999999955
"469","United Kingdom","GBR","2022-04-23",15055,10820,16255
"470","United Kingdom","GBR","2022-04-24",16598,10363.6000000015,16624.200000003
"471","United Kingdom","GBR","2022-04-25",17015,9965.19999999553,17982.1999999955
"472","United Kingdom","GBR","2022-04-26",16216,8517.80000000447,18516
"473","United Kingdom","GBR","2022-04-27",15529,8776.19999999553,20274.200000003
"474","United Kingdom","GBR","2022-04-28",14650,10182.8000000045,20735.3999999985
"475","United Kingdom","GBR","2022-04-29",14032,9726.39999999851,18259.3999999985
"476","United Kingdom","GBR","2022-04-30",13395,8600.20000000298,14503.8000000045
"477","United Kingdom","GBR","2022-05-01",12881,7982.59999999404,13266.799999997
"478","United Kingdom","GBR","2022-05-02",12406,7812.80000000447,14071.6000000015
"479","United Kingdom","GBR","2022-05-03",12127,6410.39999999851,14508.799999997
"480","United Kingdom","GBR","2022-05-04",12051,7068.79999999702,16922.8000000045
"481","United Kingdom","GBR","2022-05-05",11645,9678.40000000596,20172.3999999985
"482","United Kingdom","GBR","2022-05-06",11374,9869.19999999553,18626.6000000015
"483","United Kingdom","GBR","2022-05-07",10944,9652.60000000149,17598
"484","United Kingdom","GBR","2022-05-08",10750,9635,17494.6000000015
"485","United Kingdom","GBR","2022-05-09",10789,9348.39999999851,17817.3999999985
"486","United Kingdom","GBR","2022-05-10",10737,7706.39999999851,17685.3999999985
"487","United Kingdom","GBR","2022-05-11",10412,7638.40000000596,19330.3999999985
"488","United Kingdom","GBR","2022-05-12",10305,8683,18858
"489","United Kingdom","GBR","2022-05-13",10008,8243,16454
"490","United Kingdom","GBR","2022-05-14",9437,7763,15333.8000000045
"491","United Kingdom","GBR","2022-05-15",9355,7441,14796.799999997
"492","United Kingdom","GBR","2022-05-16",9193,7202.19999999553,14787.200000003
"493","United Kingdom","GBR","2022-05-17",8937,6252.20000000298,15383.1999999955
"494","United Kingdom","GBR","2022-05-18",8732,6413.19999999553,16953.8000000045
"495","United Kingdom","GBR","2022-05-19",8938,7503.80000000447,16929.1999999955
"496","United Kingdom","GBR","2022-05-20",8794,7243.79999999702,14826.8000000045
"497","United Kingdom","GBR","2022-05-21",8181,6978.39999999851,13976.799999997
"498","United Kingdom","GBR","2022-05-22",7671,6337,12779.3999999985
"499","United Kingdom","GBR","2022-05-23",7464,5648.60000000149,11740.200000003
"500","United Kingdom","GBR","2022-05-24",7366,8516.20000000298,11285.799999997
"501","United Kingdom","GBR","2022-05-25",6655,8863.19999999553,12402.6000000015
"502","United Kingdom","GBR","2022-05-26",5894,10238.200000003,12446.6000000015
"503","United Kingdom","GBR","2022-05-27",5707,10364,11182
"504","United Kingdom","GBR","2022-05-28",5192,11359.799999997,11598.799999997
"505","United Kingdom","GBR","2022-05-29",5120,8036.40000000596,11679.8000000045
"506","United Kingdom","GBR","2022-05-30",5612,8490.79999999702,11829.1999999955
"507","United Kingdom","GBR","2022-05-31",6027,6668,10158
"508","United Kingdom","GBR","2022-06-01",6968,5804.20000000298,9169.20000000298
"509","United Kingdom","GBR","2022-06-02",6776,5488.39999999851,8113.60000000149
"510","United Kingdom","GBR","2022-06-03",6182,4394.60000000149,6242
"511","United Kingdom","GBR","2022-06-04",5190,3637.79999999702,5631.59999999404
"512","United Kingdom","GBR","2022-06-05",4705,4126,6681.40000000596
"513","United Kingdom","GBR","2022-06-06",4142,5082.60000000149,8395.19999999553
"514","United Kingdom","GBR","2022-06-07",3526,4830.60000000149,8902.80000000447
"515","United Kingdom","GBR","2022-06-08",3229,5298.39999999851,10077.3999999985
"516","United Kingdom","GBR","2022-06-09",3414,6715.19999999553,10517.6000000015
"517","United Kingdom","GBR","2022-06-10",3776,6910.60000000149,9773
"518","United Kingdom","GBR","2022-06-11",4595,6575.20000000298,9479.19999999553
"519","United Kingdom","GBR","2022-06-12",4935,6238.79999999702,9141.80000000447
"520","United Kingdom","GBR","2022-06-13",4884,6105.39999999851,8850.39999999851
"521","United Kingdom","GBR","2022-06-14",4718,4755.20000000298,8174.19999999553
"522","United Kingdom","GBR","2022-06-15",4467,4608.79999999702,8495.20000000298
"523","United Kingdom","GBR","2022-06-16",4391,6105.20000000298,8647.20000000298
"524","United Kingdom","GBR","2022-06-17",4360,6725.79999999702,7852.39999999851
"525","United Kingdom","GBR","2022-06-18",4103,6729.60000000149,7654
"526","United Kingdom","GBR","2022-06-19",4053,6716.39999999851,7463.39999999851
"527","United Kingdom","GBR","2022-06-20",4043,6751.60000000149,7641.60000000149
"528","United Kingdom","GBR","2022-06-21",4211,5416.20000000298,7395
"529","United Kingdom","GBR","2022-06-22",4223,5253.79999999702,8242.79999999702
"530","United Kingdom","GBR","2022-06-23",4234,7176.60000000149,8992
"531","United Kingdom","GBR","2022-06-24",4330,7759.20000000298,8470.80000000447
"532","United Kingdom","GBR","2022-06-25",4616,8082.79999999702,8545
"533","United Kingdom","GBR","2022-06-26",4691,8506,8591.59999999404
"534","United Kingdom","GBR","2022-06-27",4765,8749.60000000149,8655.80000000447
"535","United Kingdom","GBR","2022-06-28",4802,7398.19999999553,8134.79999999702
"536","United Kingdom","GBR","2022-06-29",4789,7397,8776.80000000447
"537","United Kingdom","GBR","2022-06-30",4856,10013.8000000045,8863.39999999851
"538","United Kingdom","GBR","2022-07-01",4757,10700,8101.60000000149
"539","United Kingdom","GBR","2022-07-02",4254,11007.799999997,7940
"540","United Kingdom","GBR","2022-07-03",4078,11127.6000000015,7797
"541","United Kingdom","GBR","2022-07-04",4167,11310.3999999985,7751
"542","United Kingdom","GBR","2022-07-05",4092,9287,7624.39999999851
"543","United Kingdom","GBR","2022-07-06",4044,9184.39999999851,8402.39999999851
"544","United Kingdom","GBR","2022-07-07",3980,12201,8545.39999999851
"545","United Kingdom","GBR","2022-07-08",3976,12492.400000006,7712.39999999851
"546","United Kingdom","GBR","2022-07-09",3887,12132.799999997,7509.20000000298
"547","United Kingdom","GBR","2022-07-10",3838,11733,7303.79999999702
"548","United Kingdom","GBR","2022-07-11",3644,11441,7222.60000000149
"549","United Kingdom","GBR","2022-07-12",3564,8551.20000000298,7094
"550","United Kingdom","GBR","2022-07-13",3566,8407.39999999851,7860.60000000149
"551","United Kingdom","GBR","2022-07-14",3544,11935,8179.60000000149
"552","United Kingdom","GBR","2022-07-15",3465,12276,7424.39999999851
"553","United Kingdom","GBR","2022-07-16",3374,11742.6000000015,6993.79999999702
"554","United Kingdom","GBR","2022-07-17",3231,11042.799999997,6407.60000000149
"555","United Kingdom","GBR","2022-07-18",3151,10887.3999999985,6338.39999999851
"556","United Kingdom","GBR","2022-07-19",3003,7679.20000000298,5722.20000000298
"557","United Kingdom","GBR","2022-07-20",2967,8087.79999999702,6324
"558","United Kingdom","GBR","2022-07-21",2960,11125.3999999985,6684.60000000149
"559","United Kingdom","GBR","2022-07-22",3074,11881.8000000045,6567.39999999851
"560","United Kingdom","GBR","2022-07-23",2943,12271.3999999985,6507
"561","United Kingdom","GBR","2022-07-24",2998,12373,6741.39999999851
"562","United Kingdom","GBR","2022-07-25",3241,11892.6000000015,6821
"563","United Kingdom","GBR","2022-07-26",3495,9599,6690.20000000298
"564","United Kingdom","GBR","2022-07-27",3605,9638,6973.79999999702
"565","United Kingdom","GBR","2022-07-28",3668,10814.3999999985,6967.20000000298
"566","United Kingdom","GBR","2022-07-29",3653,10494,6258.39999999851
"567","United Kingdom","GBR","2022-07-30",3492,10209.3999999985,5923
"568","United Kingdom","GBR","2022-07-31",3384,9675,5564
"569","United Kingdom","GBR","2022-08-01",3251,9231,5537.39999999851
"570","United Kingdom","GBR","2022-08-02",3170,7385,5228.80000000447
"571","United Kingdom","GBR","2022-08-03",3124,7363.20000000298,5598
"572","United Kingdom","GBR","2022-08-04",2949,8339,5648.79999999702
"573","United Kingdom","GBR","2022-08-05",2828,8182.79999999702,5129.60000000149
"574","United Kingdom","GBR","2022-08-06",2714,8002.60000000149,4912.79999999702
"575","United Kingdom","GBR","2022-08-07",2675,7774.39999999851,4724.39999999851
"576","United Kingdom","GBR","2022-08-08",2621,7402.80000000447,4673.60000000149
"577","United Kingdom","GBR","2022-08-09",2512,6115.59999999404,4555.20000000298
"578","United Kingdom","GBR","2022-08-10",2378,5977.40000000596,4905
"579","United Kingdom","GBR","2022-08-11",2383,6702.39999999851,4942.79999999702
"580","United Kingdom","GBR","2022-08-12",2315,6446.19999999553,4541.80000000447
"581","United Kingdom","GBR","2022-08-13",2234,7136.20000000298,4749.19999999553
"582","United Kingdom","GBR","2022-08-14",2163,6974.60000000149,4604.60000000149
"583","United Kingdom","GBR","2022-08-15",2875,6915.39999999851,4706
"584","United Kingdom","GBR","2022-08-16",2901,5947.39999999851,4608.79999999702
"585","United Kingdom","GBR","2022-08-17",2915,6046.39999999851,4951.80000000447
"586","United Kingdom","GBR","2022-08-18",2891,6243,4820.19999999553
"587","United Kingdom","GBR","2022-08-19",2917,5983.60000000149,4307.20000000298
"588","United Kingdom","GBR","2022-08-20",2948,6035.39999999851,4185.20000000298
"589","United Kingdom","GBR","2022-08-21",2941,6101.20000000298,4144.59999999404
"590","United Kingdom","GBR","2022-08-22",2227,6383,4284.20000000298
"591","United Kingdom","GBR","2022-08-23",2228,5834.60000000149,4344.79999999702
"592","United Kingdom","GBR","2022-08-24",2285,6100.19999999553,4763.40000000596
"593","United Kingdom","GBR","2022-08-25",2388,6745.40000000596,4772
"594","United Kingdom","GBR","2022-08-26",2427,6281.59999999404,4212.79999999702
"595","United Kingdom","GBR","2022-08-27",2364,5246.80000000447,3399.79999999702
"596","United Kingdom","GBR","2022-08-28",2343,5012.19999999553,3160.80000000447
"597","United Kingdom","GBR","2022-08-29",2147,5165.80000000447,3348.19999999553
"598","United Kingdom","GBR","2022-08-30",2193,4146,3214.20000000298
"599","United Kingdom","GBR","2022-08-31",2196,4116.19999999553,3558.79999999702
"600","United Kingdom","GBR","2022-09-01",2054,5437.80000000447,4079.40000000596
"601","United Kingdom","GBR","2022-09-02",1886,4825.60000000149,3465
"602","United Kingdom","GBR","2022-09-03",1799,3930.59999999404,-8072355.2
"603","United Kingdom","GBR","2022-09-04",1746,3533,-8073111.8
"604","United Kingdom","GBR","2022-09-05",1754,3175.60000000149,-8073790.6
"605","United Kingdom","GBR","2022-09-06",1481,1947.80000000447,-8074503.2
"606","United Kingdom","GBR","2022-09-07",1209,1730.79999999702,-8074797.4
"607","United Kingdom","GBR","2022-09-08",1086,2588.60000000149,0
"608","United Kingdom","GBR","2022-09-09",1034,2734.79999999702,0
"609","United Kingdom","GBR","2022-09-10",957,-50756264.4,0
"610","United Kingdom","GBR","2022-09-11",933,0,0
"611","United States","USA","2020-12-13",0,0,0
"612","United States","USA","2020-12-14",4579,0,0
"613","United States","USA","2020-12-15",25429,0,0
"614","United States","USA","2020-12-16",68718,612.200000000001,0
"615","United States","USA","2020-12-17",118576,808,0
"616","United States","USA","2020-12-18",177084,906,0
"617","United States","USA","2020-12-19",177518,1132,0
"618","United States","USA","2020-12-20",167121,1581.2,0
"619","United States","USA","2020-12-21",220620,1965.6,0
"620","United States","USA","2020-12-22",277089,1983.2,0
"621","United States","USA","2020-12-23",335688,1848.6,0
"622","United States","USA","2020-12-24",324913,1729.4,0
"623","United States","USA","2020-12-25",267978,1276.2,0
"624","United States","USA","2020-12-26",262279,1517.2,0
"625","United States","USA","2020-12-27",260713,2360,0
"626","United States","USA","2020-12-28",289625,3953.4,0
"627","United States","USA","2020-12-29",327718,4437.8,0
"628","United States","USA","2020-12-30",365153,5990.4,0
"629","United States","USA","2020-12-31",396846,5715.4,0
"630","United States","USA","2021-01-01",411382,5142.6,0
"631","United States","USA","2021-01-02",428391,12659,0
"632","United States","USA","2021-01-03",434067,29672.8,0
"633","United States","USA","2021-01-04",437342,62846.6,0
"634","United States","USA","2021-01-05",441439,119010.4,0
"635","United States","USA","2021-01-06",442529,192032.4,0
"636","United States","USA","2021-01-07",507470,208916.4,0
"637","United States","USA","2021-01-08",612516,205261.2,0
"638","United States","USA","2021-01-09",628645,235704,0
"639","United States","USA","2021-01-10",634949,242335.4,0
"640","United States","USA","2021-01-11",652196,223410,0
"641","United States","USA","2021-01-12",678420,224908.8,0
"642","United States","USA","2021-01-13",706926,235345.2,0
"643","United States","USA","2021-01-14",748727,184627,0
"644","United States","USA","2021-01-15",787683,129728.6,0
"645","United States","USA","2021-01-16",815641,120966,0
"646","United States","USA","2021-01-17",826934,165474.6,0
"647","United States","USA","2021-01-18",815290,225871.8,0
"648","United States","USA","2021-01-19",822473,266852,0
"649","United States","USA","2021-01-20",840643,300855.2,0
"650","United States","USA","2021-01-21",865603,285608,0
"651","United States","USA","2021-01-22",906265,231435.2,0
"652","United States","USA","2021-01-23",931501,245199,0
"653","United States","USA","2021-01-24",938758,306721.600000001,0
"654","United States","USA","2021-01-25",970134,394571.6,0
"655","United States","USA","2021-01-26",982435,476362.2,0
"656","United States","USA","2021-01-27",995216,558499.4,0
"657","United States","USA","2021-01-28",1000154,508941,0
"658","United States","USA","2021-01-29",995853,417709.399999999,0
"659","United States","USA","2021-01-30",997958,403930.2,0
"660","United States","USA","2021-01-31",1000081,432526,0
"661","United States","USA","2021-02-01",988283,500670.2,0
"662","United States","USA","2021-02-02",975613,635460.6,0.2
"663","United States","USA","2021-02-03",977253,802987.799999999,0.4
"664","United States","USA","2021-02-04",979602,771296.6,0.4
"665","United States","USA","2021-02-05",976666,661886.200000001,0.4
"666","United States","USA","2021-02-06",990187,635653.199999999,0.4
"667","United States","USA","2021-02-07",983597,632180.4,0.2
"668","United States","USA","2021-02-08",992031,647629.199999999,0.2
"669","United States","USA","2021-02-09",1001952,782285.4,0.4
"670","United States","USA","2021-02-10",997510,983795.200000001,0.4
"671","United States","USA","2021-02-11",981932,956733.199999999,0.4
"672","United States","USA","2021-02-12",986197,822661.4,0.4
"673","United States","USA","2021-02-13",989148,722872.999999998,0.2
"674","United States","USA","2021-02-14",999270,662140.400000002,0.2
"675","United States","USA","2021-02-15",967696,628431.399999999,0.2
"676","United States","USA","2021-02-16",933379,709880.400000002,0.199999999999999
"677","United States","USA","2021-02-17",890967,884311.399999999,0.2
"678","United States","USA","2021-02-18",827572,912356.199999999,0.4
"679","United States","USA","2021-02-19",746801,818937.199999999,0.2
"680","United States","USA","2021-02-20",707396,781303.800000001,0.199999999999999
"681","United States","USA","2021-02-21",694298,791958.800000001,0.4
"682","United States","USA","2021-02-22",694046,819702,0.4
"683","United States","USA","2021-02-23",703723,952825.800000001,0.199999999999999
"684","United States","USA","2021-02-24",748090,1166241.8,0.4
"685","United States","USA","2021-02-25",848436,1169203,0.4
"686","United States","USA","2021-02-26",970013,1022097.4,0.199999999999999
"687","United States","USA","2021-02-27",1047318,935679.600000001,0.4
"688","United States","USA","2021-02-28",1087030,859528.399999999,0.4
"689","United States","USA","2021-03-01",1172490,807840.600000001,0.199999999999999
"690","United States","USA","2021-03-02",1258291,893800,0.4
"691","United States","USA","2021-03-03",1329489,1097982.8,0.6
"692","United States","USA","2021-03-04",1389515,1110422.8,0.6
"693","United States","USA","2021-03-05",1437355,986689.399999999,0.600000000000001
"694","United States","USA","2021-03-06",1467830,932255.399999999,0.6
"695","United States","USA","2021-03-07",1488646,900770.399999999,0.6
"696","United States","USA","2021-03-08",1526916,893195,0.4
"697","United States","USA","2021-03-09",1576423,1001292.8,0.199999999999999
"698","United States","USA","2021-03-10",1623424,1239400,0.4
"699","United States","USA","2021-03-11",1671736,1272739.59999999,0.4
"700","United States","USA","2021-03-12",1689795,1140167.40000001,0.199999999999999
"701","United States","USA","2021-03-13",1694270,1060045.59999999,0.200000000000001
"702","United States","USA","2021-03-14",1689622,989988.800000004,0.199999999999999
"703","United States","USA","2021-03-15",1691466,910181.199999996,0
"704","United States","USA","2021-03-16",1708687,947856.600000001,0
"705","United States","USA","2021-03-17",1716498,1107875.6,0.199999999999999
"706","United States","USA","2021-03-18",1715967,1104911.6,0.600000000000001
"707","United States","USA","2021-03-19",1726154,968412.799999997,0.799999999999999
"708","United States","USA","2021-03-20",1730885,902666,1
"709","United States","USA","2021-03-21",1736130,891178.399999999,1.4
"710","United States","USA","2021-03-22",1750895,931418.200000003,1.6
"711","United States","USA","2021-03-23",1757277,1090100,1.4
"712","United States","USA","2021-03-24",1768079,1376798,1.6
"713","United States","USA","2021-03-25",1762835,1448343.8,1.6
"714","United States","USA","2021-03-26",1746176,1327110.6,1.6
"715","United States","USA","2021-03-27",1739537,1297211,1.2
"716","United States","USA","2021-03-28",1737686,1299579.2,1.2
"717","United States","USA","2021-03-29",1738435,1327443.6,1.4
"718","United States","USA","2021-03-30",1742968,1546340.4,1.8
"719","United States","USA","2021-03-31",1772155,1801454,2.2
"720","United States","USA","2021-04-01",1810839,1777322,2.4
"721","United States","USA","2021-04-02",1804675,1517744.6,2.2
"722","United States","USA","2021-04-03",1798253,1448839.59999999,2
"723","United States","USA","2021-04-04",1765071,1413495.2,2
"724","United States","USA","2021-04-05",1783450,1510769.8,1.4
"725","United States","USA","2021-04-06",1822729,1784806.2,1.2
"726","United States","USA","2021-04-07",1844438,2200441.59999999,1.8
"727","United States","USA","2021-04-08",1849241,2211916.60000001,2.4
"728","United States","USA","2021-04-09",1904466,1954916.8,1.8
"729","United States","USA","2021-04-10",1961548,1837209.2,2
"730","United States","USA","2021-04-11",2018063,1674582.59999999,2.2
"731","United States","USA","2021-04-12",2005224,1570069.60000001,2.2
"732","United States","USA","2021-04-13",1928592,1627296.59999999,1.2
"733","United States","USA","2021-04-14",1811528,1850837.2,2.2
"734","United States","USA","2021-04-15",1698015,1742170.39999999,1.8
"735","United States","USA","2021-04-16",1586810,1514824.40000001,1.8
"736","United States","USA","2021-04-17",1506580,1422246,1.39999999999999
"737","United States","USA","2021-04-18",1464605,1399467.59999999,2
"738","United States","USA","2021-04-19",1385969,1425965.60000001,1.60000000000001
"739","United States","USA","2021-04-20",1331705,1600231.8,2.39999999999999
"740","United States","USA","2021-04-21",1282041,1864865.40000001,2.80000000000001
"741","United States","USA","2021-04-22",1232084,1810533.8,2.8
"742","United States","USA","2021-04-23",1191576,1542504.2,3.59999999999999
"743","United States","USA","2021-04-24",1168640,1418871,4
"744","United States","USA","2021-04-25",1161664,1366604.59999999,4.60000000000001
"745","United States","USA","2021-04-26",1140257,1379461,5.19999999999999
"746","United States","USA","2021-04-27",1104317,1537226.8,5.80000000000001
"747","United States","USA","2021-04-28",1070201,1807857.40000001,5.19999999999999
"748","United States","USA","2021-04-29",1028638,1755334,5.80000000000001
"749","United States","USA","2021-04-30",993746,1513800.2,5
"750","United States","USA","2021-05-01",952411,1399958,4.59999999999999
"751","United States","USA","2021-05-02",928973,1355389.59999999,4
"752","United States","USA","2021-05-03",886269,1348097.40000001,4.19999999999999
"753","United States","USA","2021-05-04",844091,1478331,2.80000000000001
"754","United States","USA","2021-05-05",796548,1719721.39999999,2.40000000000001
"755","United States","USA","2021-05-06",747830,1658116.8,2.79999999999998
"756","United States","USA","2021-05-07",701447,1393856.40000001,3
"757","United States","USA","2021-05-08",671828,1266835.59999999,2.60000000000002
"758","United States","USA","2021-05-09",654372,1193520.80000001,3
"759","United States","USA","2021-05-10",631594,1123951.59999999,3.19999999999999
"760","United States","USA","2021-05-11",608437,1188126.40000001,2.40000000000001
"761","United States","USA","2021-05-12",583518,1389009,2.19999999999999
"762","United States","USA","2021-05-13",604417,1352497.8,2.40000000000001
"763","United States","USA","2021-05-14",646603,1158381.39999999,2
"764","United States","USA","2021-05-15",704209,1072527.80000001,2.19999999999999
"765","United States","USA","2021-05-16",743332,1023731.79999998,2.80000000000001
"766","United States","USA","2021-05-17",801164,972156,3
"767","United States","USA","2021-05-18",849138,1009597,3
"768","United States","USA","2021-05-19",898198,1154771.80000001,3.59999999999999
"769","United States","USA","2021-05-20",897350,1106620.80000001,3.59999999999999
"770","United States","USA","2021-05-21",874443,941936.399999976,2.80000000000001
"771","United States","USA","2021-05-22",849010,856009.600000024,2.59999999999999
"772","United States","USA","2021-05-23",829104,788033.599999994,2
"773","United States","USA","2021-05-24",793108,713872.799999982,2
"774","United States","USA","2021-05-25",746632,719563,1.59999999999999
"775","United States","USA","2021-05-26",699832,808485.800000012,1.80000000000001
"776","United States","USA","2021-05-27",655814,741850.400000006,1.80000000000001
"777","United States","USA","2021-05-28",608738,614164.799999982,1.79999999999998
"778","United States","USA","2021-05-29",558711,470041.600000024,1.59999999999999
"779","United States","USA","2021-05-30",538996,467696,2.40000000000001
"780","United States","USA","2021-05-31",460734,446643.599999994,2.20000000000002
"781","United States","USA","2021-06-01",441038,530935.799999982,2.39999999999998
"782","United States","USA","2021-06-02",417390,683090.400000006,2.40000000000001
"783","United States","USA","2021-06-03",395814,809733.599999994,2.20000000000002
"784","United States","USA","2021-06-04",380827,724192.200000018,1.19999999999999
"785","United States","USA","2021-06-05",376928,735957.199999988,1.40000000000001
"786","United States","USA","2021-06-06",372701,731774.599999994,1.59999999999999
"787","United States","USA","2021-06-07",413244,703922.200000018,1.40000000000001
"788","United States","USA","2021-06-08",395132,716806.799999982,1.40000000000001
"789","United States","USA","2021-06-09",380317,815845.800000012,1.79999999999998
"790","United States","USA","2021-06-10",371934,795839.400000006,1.80000000000001
"791","United States","USA","2021-06-11",361659,690672.799999982,1.19999999999999
"792","United States","USA","2021-06-12",351226,650153,2
"793","United States","USA","2021-06-13",342969,619217.800000012,3
"794","United States","USA","2021-06-14",337210,574167.599999994,2.59999999999999
"795","United States","USA","2021-06-15",331092,563934.400000006,2.40000000000001
"796","United States","USA","2021-06-16",326316,624653.800000012,2.59999999999999
"797","United States","USA","2021-06-17",318620,573904.199999988,2.20000000000002
"798","United States","USA","2021-06-18",310082,476111.199999988,1.19999999999999
"799","United States","USA","2021-06-19",302972,408223.800000012,2.20000000000002
"800","United States","USA","2021-06-20",302769,383532.800000012,3
"801","United States","USA","2021-06-21",298398,352173.599999994,3.39999999999998
"802","United States","USA","2021-06-22",293041,362058.199999988,3.60000000000002
"803","United States","USA","2021-06-23",289022,417825.400000006,3.59999999999999
"804","United States","USA","2021-06-24",284323,417960.800000012,3.19999999999999
"805","United States","USA","2021-06-25",281837,353885.799999982,2.59999999999999
"806","United States","USA","2021-06-26",281078,326344.400000006,2.19999999999999
"807","United States","USA","2021-06-27",283238,314307.400000006,2
"808","United States","USA","2021-06-28",279540,293814.799999982,2.40000000000003
"809","United States","USA","2021-06-29",275849,302152.400000006,4.59999999999997
"810","United States","USA","2021-06-30",272556,340641.400000006,4.80000000000001
"811","United States","USA","2021-07-01",269199,317050.199999988,4.60000000000002
"812","United States","USA","2021-07-02",262823,250465.800000012,4.19999999999999
"813","United States","USA","2021-07-03",256572,221772,3.80000000000001
"814","United States","USA","2021-07-04",242347,222099.800000012,1.39999999999998
"815","United States","USA","2021-07-05",231712,217648.799999982,1.40000000000003
"816","United States","USA","2021-07-06",228216,242375.400000006,2.19999999999999
"817","United States","USA","2021-07-07",224617,306106.400000006,3
"818","United States","USA","2021-07-08",223783,305702.599999994,2.59999999999997
"819","United States","USA","2021-07-09",225986,259431,2.60000000000002
"820","United States","USA","2021-07-10",230188,250202.599999994,2.39999999999998
"821","United States","USA","2021-07-11",242906,242089.200000018,1.80000000000001
"822","United States","USA","2021-07-12",253398,227650,1.80000000000001
"823","United States","USA","2021-07-13",254477,240129.799999982,2.39999999999998
"824","United States","USA","2021-07-14",254753,279304.800000012,2.40000000000003
"825","United States","USA","2021-07-15",256060,262194,2
"826","United States","USA","2021-07-16",259543,228878.599999994,2
"827","United States","USA","2021-07-17",261309,224745.800000012,1.59999999999997
"828","United States","USA","2021-07-18",263946,222296,1.60000000000002
"829","United States","USA","2021-07-19",273103,215248,2
"830","United States","USA","2021-07-20",285966,229162.399999976,2.19999999999999
"831","United States","USA","2021-07-21",300694,265780.800000012,2
"832","United States","USA","2021-07-22",317570,250147,1.60000000000002
"833","United States","USA","2021-07-23",337691,211275.400000006,1.19999999999999
"834","United States","USA","2021-07-24",348857,201948,0.800000000000011
"835","United States","USA","2021-07-25",358419,200701.799999982,1
"836","United States","USA","2021-07-26",373820,195023.200000018,1.80000000000001
"837","United States","USA","2021-07-27",389453,210965,1.79999999999995
"838","United States","USA","2021-07-28",404333,257207.400000006,3.40000000000003
"839","United States","USA","2021-07-29",416040,249075,3.39999999999998
"840","United States","USA","2021-07-30",428956,218713,6.60000000000002
"841","United States","USA","2021-07-31",435460,214482.399999976,8.59999999999997
"842","United States","USA","2021-08-01",439455,214574.400000006,9
"843","United States","USA","2021-08-02",448162,207048.200000018,7.40000000000003
"844","United States","USA","2021-08-03",456653,223954.199999988,7.80000000000001
"845","United States","USA","2021-08-04",465618,266389.199999988,6.79999999999995
"846","United States","USA","2021-08-05",474811,256736,5.20000000000005
"847","United States","USA","2021-08-06",482303,229375.400000006,5.59999999999997
"848","United States","USA","2021-08-07",487637,235659.400000006,6
"849","United States","USA","2021-08-08",488954,241797.800000012,6.60000000000002
"850","United States","USA","2021-08-09",491199,238620.799999982,5.39999999999998
"851","United States","USA","2021-08-10",490229,263552.400000006,5
"852","United States","USA","2021-08-11",482694,318092.800000012,3088.2
"853","United States","USA","2021-08-12",476312,309274.199999988,10677.8
"854","United States","USA","2021-08-13",469800,282408,17661
"855","United States","USA","2021-08-14",466855,294036.400000006,34377.8
"856","United States","USA","2021-08-15",463043,303913.599999994,55005.2
"857","United States","USA","2021-08-16",454952,301867.199999988,76154
"858","United States","USA","2021-08-17",449205,329585.600000024,92315.6
"859","United States","USA","2021-08-18",447423,393273,110661.6
"860","United States","USA","2021-08-19",442376,382160.599999994,106774.4
"861","United States","USA","2021-08-20",436073,345373.400000006,92745.0000000001
"862","United States","USA","2021-08-21",430231,350702.399999976,88620.2
"863","United States","USA","2021-08-22",426431,357536.200000018,85663.8
"864","United States","USA","2021-08-23",422879,346289,81764.6
"865","United States","USA","2021-08-24",418447,373290.599999994,91887.4
"866","United States","USA","2021-08-25",415637,445664.199999988,111464.6
"867","United States","USA","2021-08-26",414693,432967,104671.4
"868","United States","USA","2021-08-27",413743,391014.600000024,91327.5999999999
"869","United States","USA","2021-08-28",413163,393512.799999982,90833
"870","United States","USA","2021-08-29",414282,392401,90933.2000000002
"871","United States","USA","2021-08-30",410991,366422.800000012,91970.5999999999
"872","United States","USA","2021-08-31",405364,378514.400000006,102383.2
"873","United States","USA","2021-09-01",399339,435601.599999994,119643.6
"874","United States","USA","2021-09-02",388908,404019.799999982,108027.2
"875","United States","USA","2021-09-03",377603,353031.400000006,90794.4000000001
"876","United States","USA","2021-09-04",367244,287902.599999994,66218
"877","United States","USA","2021-09-05",363624,303778.600000024,61794.5999999999
"878","United States","USA","2021-09-06",315413,286362.399999976,57155.4000000001
"879","United States","USA","2021-09-07",305712,310788.600000024,68261.1999999997
"880","United States","USA","2021-09-08",297001,376672.199999988,84860.8000000003
"881","United States","USA","2021-09-09",292667,419993.800000012,92448.7999999998
"882","United States","USA","2021-09-10",292149,358375.199999988,78051
"883","United States","USA","2021-09-11",294044,354546.199999988,73954.6000000001
"884","United States","USA","2021-09-12",292538,350432.600000024,69230.7999999998
"885","United States","USA","2021-09-13",329185,328107.399999976,63543.2000000002
"886","United States","USA","2021-09-14",323838,346288,69618.6000000001
"887","United States","USA","2021-09-15",316493,408075,83667.1999999997
"888","United States","USA","2021-09-16",307964,386444.800000012,77871.8000000003
"889","United States","USA","2021-09-17",294112,344037.599999994,67175.6000000001
"890","United States","USA","2021-09-18",286438,337429.400000006,68871.1999999997
"891","United States","USA","2021-09-19",281197,327962.199999988,71450.3999999999
"892","United States","USA","2021-09-20",271444,298742.800000012,70532.6000000001
"893","United States","USA","2021-09-21",263453,309254,81855
"894","United States","USA","2021-09-22",254930,358561.199999988,130355.8
"895","United States","USA","2021-09-23",246969,332832.200000018,161749.2
"896","United States","USA","2021-09-24",242368,292727.400000006,172432.8
"897","United States","USA","2021-09-25",241743,269829.599999994,259242
"898","United States","USA","2021-09-26",241483,264825.199999988,348898.2
"899","United States","USA","2021-09-27",245371,244462.200000018,407204.6
"900","United States","USA","2021-09-28",249365,263114.799999982,472139.8
"901","United States","USA","2021-09-29",254014,310736.599999994,573800.6
"902","United States","USA","2021-09-30",258608,307779.400000006,520544.199999999
"903","United States","USA","2021-10-01",257973,272997.800000012,436115.800000001
"904","United States","USA","2021-10-02",253870,262111.199999988,423720.399999999
"905","United States","USA","2021-10-03",251828,249171,415569.2
"906","United States","USA","2021-10-04",244591,224442,392867.2
"907","United States","USA","2021-10-05",238058,235027.599999994,448984.8
"908","United States","USA","2021-10-06",232386,272073.200000018,538106
"909","United States","USA","2021-10-07",227264,254172.400000006,484450.4
"910","United States","USA","2021-10-08",222713,223614.399999976,401959.6
"911","United States","USA","2021-10-09",218883,215867,378098
"912","United States","USA","2021-10-10",216985,210821.200000018,367057.4
"913","United States","USA","2021-10-11",213659,193748.199999988,345457
"914","United States","USA","2021-10-12",211440,206142,395104
"915","United States","USA","2021-10-13",208408,241153,478408.199999999
"916","United States","USA","2021-10-14",204360,225964.400000006,436818
"917","United States","USA","2021-10-15",200846,195661.199999988,361210.4
"918","United States","USA","2021-10-16",199928,192026.200000018,350060
"919","United States","USA","2021-10-17",198638,184648.599999994,343920.800000001
"920","United States","USA","2021-10-18",198435,167695.599999994,328366.399999999
"921","United States","USA","2021-10-19",194601,178202.800000012,380406.200000001
"922","United States","USA","2021-10-20",191062,210636.799999982,532266.6
"923","United States","USA","2021-10-21",188285,194672.200000018,555250.800000001
"924","United States","USA","2021-10-22",192524,171826,524024.799999999
"925","United States","USA","2021-10-23",197520,173312.599999994,640509.4
"926","United States","USA","2021-10-24",200974,173857,763610
"927","United States","USA","2021-10-25",212238,165852.400000006,817827.600000001
"928","United States","USA","2021-10-26",225794,181092,938107.399999999
"929","United States","USA","2021-10-27",240404,212908.400000006,1130862
"930","United States","USA","2021-10-28",253060,195904.399999976,1032277.6
"931","United States","USA","2021-10-29",257803,169556.800000012,868995.599999998
"932","United States","USA","2021-10-30",256444,167342.199999988,847788
"933","United States","USA","2021-10-31",255374,162999.200000018,833421.400000002
"934","United States","USA","2021-11-01",253093,153662.599999994,801362
"935","United States","USA","2021-11-02",251095,168987.400000006,916706.199999999
"936","United States","USA","2021-11-03",252039,201056.400000006,1114958
"937","United States","USA","2021-11-04",259976,185792,1017529.2
"938","United States","USA","2021-11-05",278710,162536.399999976,858724.399999999
"939","United States","USA","2021-11-06",311384,158720.800000012,809480.200000003
"940","United States","USA","2021-11-07",329957,152747.800000012,779618.599999998
"941","United States","USA","2021-11-08",356766,140717,737532.600000001
"942","United States","USA","2021-11-09",391142,147153,813274.399999999
"943","United States","USA","2021-11-10",429053,172483.599999994,996183.800000001
"944","United States","USA","2021-11-11",457555,158290.799999982,936480.399999999
"945","United States","USA","2021-11-12",484052,137250.600000024,798325.399999999
"946","United States","USA","2021-11-13",504616,136639.399999976,777595.600000001
"947","United States","USA","2021-11-14",506269,139592.800000012,804638
"948","United States","USA","2021-11-15",504468,134297.400000006,790571
"949","United States","USA","2021-11-16",499499,147969.199999988,908667.800000004
"950","United States","USA","2021-11-17",489495,174914.599999994,1117455
"951","United States","USA","2021-11-18",483230,161621,1064707
"952","United States","USA","2021-11-19",474957,140286,930978.199999996
"953","United States","USA","2021-11-20",463809,140226.600000024,945623.200000003
"954","United States","USA","2021-11-21",458918,138992.599999994,950212.799999997
"955","United States","USA","2021-11-22",462994,130897,855036.200000003
"956","United States","USA","2021-11-23",463092,111708.199999988,720462.799999997
"957","United States","USA","2021-11-24",448049,135157.200000018,789545
"958","United States","USA","2021-11-25",376984,141108.599999994,649708.399999999
"959","United States","USA","2021-11-26",338290,138051.599999994,478595.800000004
"960","United States","USA","2021-11-27",303728,180057.400000006,502429.799999997
"961","United States","USA","2021-11-28",294297,258127.599999994,730988.200000003
"962","United States","USA","2021-11-29",274778,305930,850325.799999997
"963","United States","USA","2021-11-30",262715,345044.800000012,1024503.2
"964","United States","USA","2021-12-01",271194,414542.799999982,1262520.6
"965","United States","USA","2021-12-02",333951,433602.200000018,1216121.8
"966","United States","USA","2021-12-03",358991,392831.399999976,1060923.6
"967","United States","USA","2021-12-04",370684,375117,1022793.6
"968","United States","USA","2021-12-05",374195,364603.400000006,989553.599999994
"969","United States","USA","2021-12-06",379478,336263.599999994,928300.800000004
"970","United States","USA","2021-12-07",379137,312608.400000006,1021157.6
"971","United States","USA","2021-12-08",371322,354583.200000018,1207475
"972","United States","USA","2021-12-09",364846,357020.199999988,1112106.8
"973","United States","USA","2021-12-10",355834,314206.800000012,945703
"974","United States","USA","2021-12-11",351087,299295.399999976,909636.200000003
"975","United States","USA","2021-12-12",349050,288848.600000024,886293.799999997
"976","United States","USA","2021-12-13",342920,261221.599999994,844311.799999997
"977","United States","USA","2021-12-14",337871,227291.599999994,942350.400000006
"978","United States","USA","2021-12-15",333813,252109,1125360.8
"979","United States","USA","2021-12-16",331915,228620,1059084.4
"980","United States","USA","2021-12-17",333122,187059.199999988,920278.600000001
"981","United States","USA","2021-12-18",336040,179885.200000018,937214.200000003
"982","United States","USA","2021-12-19",338549,194406.199999988,962451.599999994
"983","United States","USA","2021-12-20",352053,191431.400000006,947012.200000003
"984","United States","USA","2021-12-21",366085,194351.599999994,996843.200000003
"985","United States","USA","2021-12-22",376004,189342.800000012,962964.799999997
"986","United States","USA","2021-12-23",373076,143998,726039.799999997
"987","United States","USA","2021-12-24",325980,112132.400000006,523649
"988","United States","USA","2021-12-25",285204,110416.199999988,467096
"989","United States","USA","2021-12-26",279939,123442.599999994,486968.799999997
"990","United States","USA","2021-12-27",273357,159861,645151.800000012
"991","United States","USA","2021-12-28",269047,202917.800000012,829915.599999994
"992","United States","USA","2021-12-29",267444,205005.400000006,848987.599999994
"993","United States","USA","2021-12-30",272597,162152.799999982,678953.200000003
"994","United States","USA","2021-12-31",281186,131707.400000006,527972.799999997
"995","United States","USA","2022-01-01",285815,123667.400000006,467334.400000006
"996","United States","USA","2022-01-02",286526,123653.799999982,449445.200000003
"997","United States","USA","2022-01-03",278812,147815.200000018,550951.399999991
"998","United States","USA","2022-01-04",269873,187322.799999982,715951.800000012
"999","United States","USA","2022-01-05",261815,218821.200000018,863414
"1000","United States","USA","2022-01-06",256994,214444.400000006,841109
"1001","United States","USA","2022-01-07",290938,186414.199999988,729963.199999988
"1002","United States","USA","2022-01-08",325269,181830.400000006,704646.600000009
"1003","United States","USA","2022-01-09",325976,179593,681911.399999991
"1004","United States","USA","2022-01-10",324618,170495.400000006,635424.800000012
"1005","United States","USA","2022-01-11",319867,173303.199999988,669465.599999994
"1006","United States","USA","2022-01-12",314365,193360,796269.200000003
"1007","United States","USA","2022-01-13",309527,172463.800000012,742383
"1008","United States","USA","2022-01-14",306510,143428,632898.799999997
"1009","United States","USA","2022-01-15",299693,131067.199999988,570954.599999994
"1010","United States","USA","2022-01-16",294677,130966,528250.400000006
"1011","United States","USA","2022-01-17",278337,133433.199999988,453826
"1012","United States","USA","2022-01-18",266133,151566.600000024,463378
"1013","United States","USA","2022-01-19",253049,172668.399999976,546926.599999994
"1014","United States","USA","2022-01-20",239061,161198.800000012,525843.800000012
"1015","United States","USA","2022-01-21",224332,136039.400000006,449267.399999991
"1016","United States","USA","2022-01-22",216552,130656.400000006,426933.600000009
"1017","United States","USA","2022-01-23",214344,130336.399999976,407446.199999988
"1018","United States","USA","2022-01-24",212456,133762.200000018,361328.600000009
"1019","United States","USA","2022-01-25",205309,152358.199999988,372008.799999997
"1020","United States","USA","2022-01-26",198286,181959.400000006,439217
"1021","United States","USA","2022-01-27",192385,172327.199999988,399193
"1022","United States","USA","2022-01-28",185731,150481.600000024,339014.400000006
"1023","United States","USA","2022-01-29",178380,146294,318546.799999997
"1024","United States","USA","2022-01-30",175643,143200.199999988,296002.200000003
"1025","United States","USA","2022-01-31",169393,131886.199999988,248132.399999991
"1026","United States","USA","2022-02-01",161642,137461.400000006,251922.200000003
"1027","United States","USA","2022-02-02",153728,161116.200000018,290680.200000003
"1028","United States","USA","2022-02-03",143960,156017.399999976,267051.200000003
"1029","United States","USA","2022-02-04",133049,136038.400000006,224721.199999988
"1030","United States","USA","2022-02-05",131381,131520.599999994,214554.600000009
"1031","United States","USA","2022-02-06",129543,132632.400000006,209937.799999997
"1032","United States","USA","2022-02-07",125167,124815.599999994,193405
"1033","United States","USA","2022-02-08",121964,126187.600000024,202748.799999997
"1034","United States","USA","2022-02-09",119985,149059,243244.799999997
"1035","United States","USA","2022-02-10",119958,143073,229114.400000006
"1036","United States","USA","2022-02-11",119817,123047.399999976,195736.400000006
"1037","United States","USA","2022-02-12",117181,113310.800000012,179661.199999988
"1038","United States","USA","2022-02-13",114837,108350.599999994,168790.600000009
"1039","United States","USA","2022-02-14",109112,96795.599999994,148702.399999991
"1040","United States","USA","2022-02-15",105452,98267,157843.800000012
"1041","United States","USA","2022-02-16",101565,117710.400000006,196433.599999994
"1042","United States","USA","2022-02-17",97350,113852.800000012,190793.400000006
"1043","United States","USA","2022-02-18",93409,99025.7999999821,167286
"1044","United States","USA","2022-02-19",91109,93074.2000000179,157680.599999994
"1045","United States","USA","2022-02-20",91039,90783.1999999881,150846.799999997
"1046","United States","USA","2022-02-21",89780,80751.599999994,132266.200000003
"1047","United States","USA","2022-02-22",88318,82181,139103.599999994
"1048","United States","USA","2022-02-23",86048,94851.400000006,163515.600000009
"1049","United States","USA","2022-02-24",83677,90136,156388.399999991
"1050","United States","USA","2022-02-25",79539,76628.2000000179,135077
"1051","United States","USA","2022-02-26",78191,74143,133983.800000012
"1052","United States","USA","2022-02-27",76999,71585.1999999881,128893.199999988
"1053","United States","USA","2022-02-28",76476,64787.599999994,114842
"1054","United States","USA","2022-03-01",73243,65707.400000006,116764.600000009
"1055","United States","USA","2022-03-02",70223,77123.599999994,135477.799999997
"1056","United States","USA","2022-03-03",67620,71268,119862.799999997
"1057","United States","USA","2022-03-04",65144,61543.8000000119,100295.799999997
"1058","United States","USA","2022-03-05",62893,58156,96145
"1059","United States","USA","2022-03-06",61780,55990,92294
"1060","United States","USA","2022-03-07",58897,50063.400000006,81957.6000000089
"1061","United States","USA","2022-03-08",56999,51563.7999999821,86006.200000003
"1062","United States","USA","2022-03-09",55471,61436.599999994,102455.199999988
"1063","United States","USA","2022-03-10",54006,58731.400000006,94708.6000000089
"1064","United States","USA","2022-03-11",51963,51169.8000000119,80743.799999997
"1065","United States","USA","2022-03-12",50493,49607,79374
"1066","United States","USA","2022-03-13",49821,48252.7999999821,79027
"1067","United States","USA","2022-03-14",49166,43981.2000000179,74988
"1068","United States","USA","2022-03-15",48839,45424.7999999821,82364
"1069","United States","USA","2022-03-16",48623,53639.8000000119,101252.599999994
"1070","United States","USA","2022-03-17",48056,50698.1999999881,96434.400000006
"1071","United States","USA","2022-03-18",47881,43676.400000006,83859.599999994
"1072","United States","USA","2022-03-19",47851,42140.2000000179,82111.8000000119
"1073","United States","USA","2022-03-20",48007,41238.3999999762,80629.599999994
"1074","United States","USA","2022-03-21",48042,38187.2000000179,74109.200000003
"1075","United States","USA","2022-03-22",47383,39463.599999994,79041.799999997
"1076","United States","USA","2022-03-23",47106,46973.1999999881,94644.599999994
"1077","United States","USA","2022-03-24",47434,44037.400000006,87990
"1078","United States","USA","2022-03-25",47313,38229.400000006,76117.400000006
"1079","United States","USA","2022-03-26",46600,36599,74089.400000006
"1080","United States","USA","2022-03-27",45933,35958,77572.799999997
"1081","United States","USA","2022-03-28",45699,36564,110396
"1082","United States","USA","2022-03-29",45483,43898.400000006,179528.799999997
"1083","United States","USA","2022-03-30",46638,57183.7999999821,270425.400000006
"1084","United States","USA","2022-03-31",49910,58470.400000006,303324.399999991
"1085","United States","USA","2022-04-01",52391,55683.2000000179,311618.400000006
"1086","United States","USA","2022-04-02",54050,56588.7999999821,339738.200000003
"1087","United States","USA","2022-04-03",55605,55675,343204
"1088","United States","USA","2022-04-04",58450,52490.2000000179,333706.599999994
"1089","United States","USA","2022-04-05",60876,56274.3999999762,373213
"1090","United States","USA","2022-04-06",61557,66288.2000000179,445498.400000006
"1091","United States","USA","2022-04-07",60003,62257.1999999881,410924
"1092","United States","USA","2022-04-08",59074,54737.2000000179,354885.799999997
"1093","United States","USA","2022-04-09",58819,54199.3999999762,356182.200000003
"1094","United States","USA","2022-04-10",58609,54291.400000006,362140.599999994
"1095","United States","USA","2022-04-11",57750,51634,348388
"1096","United States","USA","2022-04-12",58004,55689.8000000119,389061
"1097","United States","USA","2022-04-13",58090,63798.599999994,445603.599999994
"1098","United States","USA","2022-04-14",58332,57939.1999999881,393543.400000006
"1099","United States","USA","2022-04-15",57529,46735.8000000119,306339.400000006
"1100","United States","USA","2022-04-16",56540,45605,295266.599999994
"1101","United States","USA","2022-04-17",54302,44527.599999994,288230
"1102","United States","USA","2022-04-18",53648,43144.8000000119,284808
"1103","United States","USA","2022-04-19",53111,47673.599999994,324113.400000006
"1104","United States","USA","2022-04-20",52411,57294.599999994,390276.199999988
"1105","United States","USA","2022-04-21",51253,52567.599999994,349417.200000003
"1106","United States","USA","2022-04-22",49721,44652.2000000179,285199.400000006
"1107","United States","USA","2022-04-23",49743,42874.7999999821,267934.200000003
"1108","United States","USA","2022-04-24",51054,41681.8000000119,260769.399999991
"1109","United States","USA","2022-04-25",49790,40897.8000000119,258439.600000009
"1110","United States","USA","2022-04-26",48520,44916.3999999762,293380
"1111","United States","USA","2022-04-27",47610,53249,350826.799999997
"1112","United States","USA","2022-04-28",47149,49706.6000000238,320392
"1113","United States","USA","2022-04-29",47490,43179.7999999821,269292.599999994
"1114","United States","USA","2022-04-30",47080,41755.2000000179,255521.400000006
"1115","United States","USA","2022-05-01",47031,40525.599999994,246292.200000003
"1116","United States","USA","2022-05-02",46666,38081,232143.599999994
"1117","United States","USA","2022-05-03",46332,41262.599999994,259294.799999997
"1118","United States","USA","2022-05-04",45759,48666.1999999881,307898.600000009
"1119","United States","USA","2022-05-05",44940,45170.400000006,278285.199999988
"1120","United States","USA","2022-05-06",44331,38010,227807.600000009
"1121","United States","USA","2022-05-07",43763,37552.400000006,223416.799999997
"1122","United States","USA","2022-05-08",43086,37333.400000006,225128
"1123","United States","USA","2022-05-09",43003,35952.7999999821,221094.400000006
"1124","United States","USA","2022-05-10",43130,40032.6000000238,256952
"1125","United States","USA","2022-05-11",43209,48227.599999994,314081.399999991
"1126","United States","USA","2022-05-12",43422,45203.599999994,289802.200000003
"1127","United States","USA","2022-05-13",43844,39281.1999999881,244705.599999994
"1128","United States","USA","2022-05-14",44307,38594.6000000238,238312.600000009
"1129","United States","USA","2022-05-15",44935,37997.1999999881,233998.599999994
"1130","United States","USA","2022-05-16",45293,36902.1999999881,225876.400000006
"1131","United States","USA","2022-05-17",45485,40520.8000000119,257602.599999994
"1132","United States","USA","2022-05-18",45772,48164.400000006,315509
"1133","United States","USA","2022-05-19",46155,45670.400000006,297655
"1134","United States","USA","2022-05-20",46593,40372.599999994,259025
"1135","United States","USA","2022-05-21",46783,40449.400000006,261971.200000003
"1136","United States","USA","2022-05-22",46984,39922.7999999821,260383.400000006
"1137","United States","USA","2022-05-23",47528,38056,245805.399999991
"1138","United States","USA","2022-05-24",47512,40460.2000000179,266464.600000009
"1139","United States","USA","2022-05-25",47339,46703.1999999881,309806
"1140","United States","USA","2022-05-26",46827,41979,273887.399999991
"1141","United States","USA","2022-05-27",46118,35603.1999999881,225751
"1142","United States","USA","2022-05-28",45088,27243.8000000119,169363.200000003
"1143","United States","USA","2022-05-29",44497,27691.1999999881,163273
"1144","United States","USA","2022-05-30",37605,25975.2000000179,151875.200000003
"1145","United States","USA","2022-05-31",37302,29138,175755
"1146","United States","USA","2022-06-01",36878,35436.7999999821,218074.399999991
"1147","United States","USA","2022-06-02",36420,39235,240197.400000006
"1148","United States","USA","2022-06-03",35907,32726,201549
"1149","United States","USA","2022-06-04",35844,32055.400000006,192964.799999997
"1150","United States","USA","2022-06-05",35790,31367.599999994,185919.600000009
"1151","United States","USA","2022-06-06",41489,29815.6000000238,173863.799999997
"1152","United States","USA","2022-06-07",40643,32271.599999994,191618.599999994
"1153","United States","USA","2022-06-08",40093,37780,225978.400000006
"1154","United States","USA","2022-06-09",39661,34408.1999999881,202899
"1155","United States","USA","2022-06-10",39030,29589.2000000179,168860.399999991
"1156","United States","USA","2022-06-11",38767,28885,160305.200000003
"1157","United States","USA","2022-06-12",38528,28515.7999999821,154476.799999997
"1158","United States","USA","2022-06-13",37826,27260.2000000179,145046.600000009
"1159","United States","USA","2022-06-14",37513,29758,162349.399999991
"1160","United States","USA","2022-06-15",36971,34630,192276
"1161","United States","USA","2022-06-16",36590,31455.7999999821,172282.600000009
"1162","United States","USA","2022-06-17",35991,26559.2000000179,141592
"1163","United States","USA","2022-06-18",35625,24911.3999999762,134628.599999994
"1164","United States","USA","2022-06-19",35100,24621.400000006,130771
"1165","United States","USA","2022-06-20",34615,24022.8000000119,125243
"1166","United States","USA","2022-06-21",35908,26767.400000006,143083.799999997
"1167","United States","USA","2022-06-22",39055,31960.1999999881,171655.600000009
"1168","United States","USA","2022-06-23",43082,30047.1999999881,154973.200000003
"1169","United States","USA","2022-06-24",48021,25572,128093
"1170","United States","USA","2022-06-25",53580,24642.2000000179,122083.799999997
"1171","United States","USA","2022-06-26",55454,24315.1999999881,118396.399999991
"1172","United States","USA","2022-06-27",59684,23493,113339.400000006
"1173","United States","USA","2022-06-28",62482,26427.400000006,130054.599999994
"1174","United States","USA","2022-06-29",64053,30737.8000000119,153957.600000009
"1175","United States","USA","2022-06-30",65051,27744,137392.399999991
"1176","United States","USA","2022-07-01",64307,23343.3999999762,113089.400000006
"1177","United States","USA","2022-07-02",59950,17514,83467.200000003
"1178","United States","USA","2022-07-03",58503,17792.8000000119,79981.799999997
"1179","United States","USA","2022-07-04",49486,17733.8000000119,79036.200000003
"1180","United States","USA","2022-07-05",48595,21140.599999994,98507.599999994
"1181","United States","USA","2022-07-06",47771,26489.7999999821,128474.400000006
"1182","United States","USA","2022-07-07",46692,29569,143423
"1183","United States","USA","2022-07-08",46819,24896.8000000119,123392.200000003
"1184","United States","USA","2022-07-09",48019,24809.8000000119,125764.599999994
"1185","United States","USA","2022-07-10",48933,25072.599999994,130771.599999994
"1186","United States","USA","2022-07-11",56899,25365.7999999821,137986
"1187","United States","USA","2022-07-12",57270,29193.6000000238,168062.400000006
"1188","United States","USA","2022-07-13",57436,35649.7999999821,211672.200000003
"1189","United States","USA","2022-07-14",57968,33808.8000000119,203180.799999997
"1190","United States","USA","2022-07-15",58735,29873.400000006,179993.599999994
"1191","United States","USA","2022-07-16",58988,30199.1999999881,181867.800000012
"1192","United States","USA","2022-07-17",59063,30957,179522.399999991
"1193","United States","USA","2022-07-18",60183,30796,168616.200000003
"1194","United States","USA","2022-07-19",60720,35171.599999994,187843
"1195","United States","USA","2022-07-20",60621,42800.2000000179,224310.599999994
"1196","United States","USA","2022-07-21",60112,41367.599999994,201604.200000003
"1197","United States","USA","2022-07-22",59422,36188.1999999881,168976.200000003
"1198","United States","USA","2022-07-23",59051,35361.2000000179,166205.799999997
"1199","United States","USA","2022-07-24",58733,35102.7999999821,159972.799999997
"1200","United States","USA","2022-07-25",57859,33319.2000000179,145238.200000003
"1201","United States","USA","2022-07-26",56857,35839.7999999821,157260.400000006
"1202","United States","USA","2022-07-27",55860,42277.400000006,181978.399999991
"1203","United States","USA","2022-07-28",54778,39114,158179.600000009
"1204","United States","USA","2022-07-29",53347,32700.400000006,127804.799999997
"1205","United States","USA","2022-07-30",52220,30454.400000006,119690.599999994
"1206","United States","USA","2022-07-31",51711,29114.599999994,113092.600000009
"1207","United States","USA","2022-08-01",50644,27071,104266.399999991
"1208","United States","USA","2022-08-02",49636,29916,116393
"1209","United States","USA","2022-08-03",48904,35906,137397
"1210","United States","USA","2022-08-04",48111,34217.400000006,122020
"1211","United States","USA","2022-08-05",47335,29372.3999999762,99968.6000000089
"1212","United States","USA","2022-08-06",47065,28616.8000000119,96312.599999994
"1213","United States","USA","2022-08-07",46910,28405.400000006,93587.799999997
"1214","United States","USA","2022-08-08",46392,26858,87709
"1215","United States","USA","2022-08-09",45645,28977.599999994,97985.200000003
"1216","United States","USA","2022-08-10",44570,34105.599999994,116086.600000009
"1217","United States","USA","2022-08-11",43903,31424.2000000179,102436
"1218","United States","USA","2022-08-12",43339,26343.3999999762,83490.1999999881
"1219","United States","USA","2022-08-13",42969,25991.400000006,81510.6000000089
"1220","United States","USA","2022-08-14",42821,25757.400000006,80240
"1221","United States","USA","2022-08-15",42215,24398.599999994,76737.799999997
"1222","United States","USA","2022-08-16",41657,26740.599999994,86277
"1223","United States","USA","2022-08-17",41343,32196.400000006,102021.400000006
"1224","United States","USA","2022-08-18",40677,29252.2000000179,89634
"1225","United States","USA","2022-08-19",40054,24394.3999999762,72693.3999999911
"1226","United States","USA","2022-08-20",39408,23479,68702.799999997
"1227","United States","USA","2022-08-21",39064,23124,66604.6000000089
"1228","United States","USA","2022-08-22",38312,21724.400000006,63035
"1229","United States","USA","2022-08-23",37606,24342.8000000119,71307
"1230","United States","USA","2022-08-24",36946,29277.7999999821,84039.599999994
"1231","United States","USA","2022-08-25",36421,26984.6000000238,74166.200000003
"1232","United States","USA","2022-08-26",35533,22611.3999999762,60235.599999994
"1233","United States","USA","2022-08-27",35295,21680.8000000119,56793.200000003
"1234","United States","USA","2022-08-28",35136,20960.400000006,54359
"1235","United States","USA","2022-08-29",34322,19483.7999999821,49463.400000006
"1236","United States","USA","2022-08-30",33612,20502,48629.200000003
"1237","United States","USA","2022-08-31",32557,23680.400000006,49609.599999994
"1238","United States","USA","2022-09-01",30695,20885.2000000179,38460.400000006
"1239","United States","USA","2022-09-02",28646,17078.599999994,26554.799999997
"1240","United States","USA","2022-09-03",27601,12496,15286.3999999911
"1241","United States","USA","2022-09-04",27384,14208.1999999881,17876.6000000089
"1242","United States","USA","2022-09-05",22884,17967.8000000119,34040
"1243","United States","USA","2022-09-06",22558,24444.1999999881,54377.599999994
"1244","United States","USA","2022-09-07",25108,34001.400000006,81644
"1245","United States","USA","2022-09-08",28613,40351.1999999881,97736.6000000089
"1246","United States","USA","2022-09-09",33539,38288.400000006,99874.3999999911
"1247","United States","USA","2022-09-10",36768,39623.2000000179,110936.600000009
"1248","United States","USA","2022-09-11",38760,40494.599999994,119304.399999991
"1249","United States","USA","2022-09-12",46793,39851,124301.600000009
"1250","United States","USA","2022-09-13",49946,43483.7999999821,142330.199999988
"1251","United States","USA","2022-09-14",51025,52475,172331.600000009
"1252","United States","USA","2022-09-15",52120,48970.6000000238,159633.799999997
"1253","United States","USA","2022-09-16",53353,42914.599999994,139312
"1254","United States","USA","2022-09-17",53477,42938.599999994,142780.799999997
"1255","United States","USA","2022-09-18",53432,43014.400000006,147396
"1256","United States","USA","2022-09-19",53927,41600.599999994,149810.799999997
"1257","United States","USA","2022-09-20",54673,46663.8000000119,173690.400000006
"1258","United States","USA","2022-09-21",55643,56817.599999994,211931.200000003
"1259","United States","USA","2022-09-22",56365,53345.1999999881,196991.999999985
"1260","United States","USA","2022-09-23",57348,46416,170311.400000006
"1261","United States","USA","2022-09-24",57748,45768.599999994,173248
"1262","United States","USA","2022-09-25",57914,45277,176724.800000012
"1263","United States","USA","2022-09-26",58630,43139.6000000238,175543.799999982
"1264","United States","USA","2022-09-27",59124,47754.7999999821,199752.200000018
"1265","United States","USA","2022-09-28",59364,57134,238842
"1266","United States","USA","2022-09-29",59388,52231,214962.599999994
"1267","United States","USA","2022-09-30",58694,44727.2000000179,180966.599999994
"1268","United States","USA","2022-10-01",58091,43692.3999999762,179565.800000012
"1269","United States","USA","2022-10-02",57798,43013.6000000238,180454.199999988
"1270","United States","USA","2022-10-03",57365,41545.3999999762,181505.400000006
"1271","United States","USA","2022-10-04",57094,46999,211578.400000006
"1272","United States","USA","2022-10-05",57326,56761.400000006,256115.199999988
"1273","United States","USA","2022-10-06",57675,52414.599999994,236073.400000006
"1274","United States","USA","2022-10-07",58147,45176.400000006,201846.199999988
"1275","United States","USA","2022-10-08",58693,44342.8000000119,198324.800000012
"1276","United States","USA","2022-10-09",58967,43877,198427
"1277","United States","USA","2022-10-10",58857,42440.599999994,197630
"1278","United States","USA","2022-10-11",59110,47493,224859.199999988
"1279","United States","USA","2022-10-12",59374,56800.400000006,270055.200000018
"1280","United States","USA","2022-10-13",59440,51833,245563.799999982
"1281","United States","USA","2022-10-14",59671,44303.400000006,206576
"1282","United States","USA","2022-10-15",59364,43428.599999994,202966.200000018
"1283","United States","USA","2022-10-16",59279,42791.400000006,202035
"1284","United States","USA","2022-10-17",60163,41129,198289.199999988
"1285","United States","USA","2022-10-18",60325,46169.599999994,226909.200000018
"1286","United States","USA","2022-10-19",60268,54985.1999999881,271229
"1287","United States","USA","2022-10-20",60060,49733.599999994,244291.799999982
"1288","United States","USA","2022-10-21",59504,42317.400000006,204824.400000006
"1289","United States","USA","2022-10-22",59437,41537.8000000119,201977.599999994
"1290","United States","USA","2022-10-23",59304,41273.1999999881,203639.200000018
"1291","United States","USA","2022-10-24",58753,40486.599999994,206694.599999994
"1292","United States","USA","2022-10-25",58745,45485.6000000238,237647.599999994
"1293","United States","USA","2022-10-26",58902,54121.7999999821,284058.400000006
"1294","United States","USA","2022-10-27",58748,48928.8000000119,257446.799999982
"1295","United States","USA","2022-10-28",58302,41204.400000006,215564.400000006
"1296","United States","USA","2022-10-29",57918,37468.1999999881,196715.599999994
"1297","United States","USA","2022-10-30",57520,34228.599999994,178799.800000012
"1298","United States","USA","2022-10-31",55347,30007.599999994,157674.400000006
"1299","United States","USA","2022-11-01",52848,32130.6000000238,168862.199999988
"1300","United States","USA","2022-11-02",49773,37840.7999999821,195482.599999994
"1301","United States","USA","2022-11-03",47068,33938.599999994,170097.600000024
"1302","United States","USA","2022-11-04",44639,28531.400000006,138964.799999982
"1303","United States","USA","2022-11-05",43530,24782.8000000119,116925.400000006
"1304","United States","USA","2022-11-06",42648,18431,83481.400000006
"1305","United States","USA","2022-11-07",38820,-227780472.4,-143372318.4
"1306","United States","USA","2022-11-08",32446,0,0
